Date,Momentum,Nifty50,Nifty500
2021-05-31,0.0,0.009533088035724946,0.0083326626632938
2021-06-01,0.005696228917487334,-0.0005101904286871628,-0.0012058686196835255
2021-06-02,0.016365553593805426,8.67158252806366e-05,0.0048332898661032075
2021-06-03,0.010828733718542871,0.0073284506253876724,0.008004229293507636
2021-06-04,0.010005426877606416,-0.001281017305247989,0.0010014878539126304
2021-06-07,0.004334167204686157,0.0051945814919991395,0.006402176366659962
2021-06-08,0.002969012069885313,-0.0007333060957773752,0.0012536998817080924
2021-06-09,-0.011877669601754182,-0.006654976944212576,-0.007420381204691684
2021-06-10,0.013786523283190855,0.0065492869160790335,0.009017344933946125
2021-06-11,0.006572634608236427,0.003914130633349666,0.0034511196144664247
2021-06-14,-0.006898089933831009,0.0007911718082738162,-0.0007150795385590936
2021-06-15,-0.002285289312676242,0.003630213545097627,0.00395815909469488
2021-06-16,-0.016522191290951893,-0.006408632752808119,-0.007142985807251145
2021-06-17,-0.013984930303045373,-0.0048295020472909345,-0.006324614184078481
2021-06-18,-0.0056342621005709415,-0.000513069646403852,-0.002875247975316797
2021-06-21,0.01138259960674648,0.004026588209654625,0.005195505715027027
2021-06-22,0.008430653162353918,0.0016670371193598932,0.0026010542978793794
2021-06-23,-0.008658786961748488,-0.005439749231269109,-0.0050218358944870145
2021-06-24,0.0014660039590868035,0.006597840798329813,0.003344951202910673
2021-06-25,0.008885035540961095,0.0044266891189239654,0.0052828306192160834
2021-06-28,0.001074093229991524,-0.0028782098242977616,-0.00046904545247339335
2021-06-29,-0.006033497596415471,-0.0041891404314852165,-0.003775917216446323
2021-06-30,-0.0015714572770437751,-0.0017112919035373597,-0.0006230850474872041
2021-07-01,-0.004169640558470578,-0.002639697229908089,-0.0014435854670800108
2021-07-02,-0.0026752091489403718,0.002691338986766656,0.0029991333369141504
2021-07-05,0.0033841803759198097,0.007133188273225066,0.0067657386773871675
2021-07-06,0.0015197368332109384,-0.0010167521731027085,-0.000853808172780024
2021-07-07,0.00651670637161339,0.0038816171589777237,0.004188084068445841
2021-07-08,-0.006979309734777672,-0.0095562557277451,-0.007211498162432384
2021-07-09,0.007679890665773348,-0.0024224839292732447,-0.0003510020987240736
2021-07-12,0.0015109434170825775,0.00017844744498685117,0.0015560252466630953
2021-07-13,0.0031531157594368864,0.007630985495128417,0.005893402684328697
2021-07-14,0.00509346780817288,0.0026308921169333477,0.002366306953233588
2021-07-15,0.008469497777562784,0.004431072328003882,0.0043371381464853975
2021-07-16,0.0033392277509023405,-5.0225736783704455e-05,0.0016034597377010407
2021-07-19,-0.008421076599184008,-0.010738912280361723,-0.008914062018108404
2021-07-20,-0.012660183601392538,-0.0076369809214345,-0.009122726309319762
2021-07-22,0.02247893950422375,0.012279233123449584,0.012937610659043752
2021-07-23,0.0016557637751632992,0.002022238326785386,0.0012289378392340566
2021-07-26,0.0018236120296875047,-0.0019929055322251976,-0.000869467809499036
2021-07-27,0.0018470309690619136,-0.004929081202650898,-0.004738531333078777
2021-07-28,0.0016489172680205222,-0.002352898858342667,-0.002288667754567708
2021-07-29,0.01865946791076878,0.004395444954646832,0.004757270605346253
2021-07-30,-0.0027004840615962866,-0.000976039499086867,0.0015025214044166457
2021-08-02,0.008167856941966978,0.007746000136419795,0.00874174377762893
2021-08-03,0.007551542493798191,0.015460955882416139,0.011281456148964697
2021-08-04,-0.005312734564054122,0.007938242467802281,0.0021629256895994153
2021-08-05,0.0010507217385329337,0.0022018725316477195,0.0008733557294002825
2021-08-06,0.002962841639473801,-0.003461233501561467,-0.0019239247534135195
2021-08-09,-0.007746640487968248,0.0012347307242392969,-0.001404593554881317
2021-08-10,-0.01363298483908082,0.0013439090538649445,-0.003035501243493832
2021-08-11,0.004350002001534348,0.00013208706805212245,-0.0011660914469030503
2021-08-12,0.01068428473675298,0.005045395484346349,0.006874945107409269
2021-08-13,0.0043983949224650765,0.010064482340847336,0.006681224312862666
2021-08-16,0.0039103913828970605,0.002054024277023725,0.0003910337733203928
2021-08-17,0.0044873927204203135,0.0031122785775283823,0.0030062157840382575
2021-08-18,0.002490242784057628,-0.00275360231817956,-0.0012435133490338313
2021-08-20,-0.02267651323165265,-0.007142898400624986,-0.010755154004926215
2021-08-23,-0.005285241686955211,0.0027931806783987323,-0.0009610195295248758
2021-08-24,0.019853438466519657,0.007768362083601765,0.009525853173223409
2021-08-25,0.005182185543465279,0.0006045728309951315,0.0021580821941968864
2021-08-26,0.0014145811266403907,0.00013525983096518424,0.0009472813109525635
2021-08-27,0.013845901033924246,0.004105261588480014,0.006064380750320897
2021-08-30,0.0189816138264558,0.013519836521704187,0.014472479066924615
2021-08-31,0.01784007207988969,0.011880446175423387,0.01097376858887178
2021-09-01,-0.0007242624629555383,-0.00326573477436376,-0.00031264210623627164
2021-09-02,0.0069164093996372245,0.009246783727399066,0.009140057938754165
2021-09-03,0.006055063847603792,0.005190230833697296,0.005104093609564986
2021-09-06,0.003838325655106889,0.0031287476677577253,0.003153934597425856
2021-09-07,-0.005913197482686816,-0.0009035189246697772,-0.001458858386259143
2021-09-08,0.002913201093496909,-0.0004953092983268625,0.0013088005774735123
2021-09-09,0.005949332104590921,0.0009075978909154347,0.002219097391585878
2021-09-13,0.006985685441734724,-0.000803098507419775,0.001061576086366367
2021-09-14,0.0031955615875358667,0.001423151293159064,0.0035112294444872294
2021-09-15,0.00844711868762027,0.00802354538262362,0.007796405118741134
2021-09-16,-0.0002828109677383006,0.006281634763507293,0.005615686290827426
2021-09-17,-0.011762463356207342,-0.002515647600612625,-0.005140748301685871
2021-09-20,-0.027500284997361235,-0.010705054879733056,-0.013342445264079239
2021-09-21,0.009930186215019843,0.00949017386246398,0.00806312659014563
2021-09-22,0.004062386571210608,-0.0008740239935656202,0.0029606028517101812
2021-09-23,0.015850534371599334,0.015746528367181822,0.014335743079468832
2021-09-24,-0.00771710988221197,0.0016972499684944076,-0.0008878406865454602
2021-09-27,-0.0020496319639172755,0.00010644538279747096,-0.0001909165259594836
2021-09-28,-0.009196408394762878,-0.0059646824901542495,-0.0061524793637369735
2021-09-29,0.005941856242575483,-0.0021015082285871234,-0.0005729765943234266
2021-09-30,0.0007857633018266696,-0.005259376020738893,-0.002273477982450256
2021-10-01,-0.0006875196299848119,-0.004886983449795879,-0.002570992119188098
2021-10-04,0.019354474401072297,0.009080467581137563,0.011136337249292971
2021-10-05,0.004203544982805729,0.007407660919946268,0.006517843967229542
2021-10-06,-0.011139912514344208,-0.009892144870289554,-0.009525397555704807
2021-10-07,0.010773361578649165,0.008180302016037588,0.010281099351203027
2021-10-08,0.005421023610852949,0.005893622760496431,0.004908382418115531
2021-10-11,0.008092702390231743,0.0028359561343596074,0.004087150685168295
2021-10-12,0.004482951914009936,0.0025632525445875576,0.0034936778761143206
2021-10-13,0.01919516780777153,0.00943759784921161,0.009656450064954303
2021-10-14,0.014116818379662055,0.009734787740718787,0.008818774184265799
2021-10-18,0.014730719345552146,0.007552396132719963,0.007413196103393416
2021-10-19,-0.01203212543161436,-0.003155307734996393,-0.00807627673929645
2021-10-20,-0.014596895644200747,-0.008260625212080042,-0.012006680459000552
2021-10-21,-0.0059296918361410045,-0.004844908296702255,-0.005202769968179588
2021-10-22,-0.014413406513837379,-0.003476668084567369,-0.005678738191574606
2021-10-25,-0.008715061359112153,0.000579633328010587,-0.004243632806891773
2021-10-26,0.018520074775354223,0.007889480889700096,0.010779785679254639
2021-10-27,-0.0008949364712731445,-0.0031448386638428527,-0.0009871707496039717
2021-10-28,-0.024040285441629505,-0.0194223384240636,-0.018954584439043187
2021-10-29,-0.002178398032653406,-0.010393515763905459,-0.00684289260135218
2021-11-01,0.017187079328051302,0.014599655057507821,0.014303740457451974
2021-11-02,0.0012065957223683643,-0.002270048271341696,0.0007809217442003025
2021-11-03,0.00757752225330921,-0.0033400508475575075,-0.002083001082566205
2021-11-04,0.0048285403962173845,0.004913376165984751,0.006160574305337896
2021-11-08,0.015082620832467919,0.008469704042186388,0.009315934122638092
2021-11-09,0.006386478706848386,-0.001344921435271762,0.0014046148358359822
2021-11-10,-0.001987397673689939,-0.0014991358050348014,-0.0013415699566746708
2021-11-11,-0.004416768281445105,-0.007970140510272006,-0.0070871360992501575
2021-11-12,0.012966640616574265,0.012820606684330382,0.01089478481801942
2021-11-15,-0.0019813596721938165,0.0003700663573213969,0.0008729460990573035
2021-11-16,-0.002472643680022535,-0.006087981951756416,-0.004309692342254423
2021-11-17,0.0005335436445050856,-0.005586294529162039,-0.004537743736015898
2021-11-18,-0.014395190722495843,-0.007478195643460861,-0.00986095658191588
2021-11-22,-0.021854542359769247,-0.019603372100156835,-0.02129377611314509
2021-11-23,0.016031884545300246,0.004983697932798847,0.008753582473690624
2021-11-24,-0.0013419114116471897,-0.0050446817378146935,-0.00405749908841857
2021-11-25,0.007036560714583029,0.006959452503032093,0.006918535506772017
2021-11-26,-0.0376154332706925,-0.029071254187753914,-0.029266167485078487
2021-11-29,-0.007209211756367351,0.0016151341742889347,-0.0034506953548214536
2021-11-30,0.0,-0.004148599194972014,-0.0005526984109004429
2021-12-01,0.011308220857943585,0.01081664117042136,0.0093082682606338
2021-12-02,0.015234915486512346,0.013674571102433752,0.012800411743759454
2021-12-03,-0.00366537908670872,-0.01177768586739425,-0.007857014518396377
2021-12-06,-0.01807235399980134,-0.01654091957599968,-0.016016808442820385
2021-12-07,0.017310883915102826,0.015636548581649423,0.014786257354282073
2021-12-08,0.018872128467658067,0.017060948527881648,0.016094260968757546
2021-12-09,0.004164420896669796,0.002696066593683266,0.0035393613522731737
2021-12-10,0.004420208150526905,-0.00031677089480919296,0.0018775156366024337
2021-12-13,-0.0033577772609285628,-0.008169055116863166,-0.005988130449071094
2021-12-14,0.0008882274519808053,-0.002495911181322197,-0.0013940307169066912
2021-12-15,-0.007069894502179763,-0.005974060321640162,-0.005992754735246075
2021-12-16,0.0005107003039797053,0.0015678167505297491,-0.0011134437838566935
2021-12-17,-0.01809796673980213,-0.01525945397337003,-0.017628027110988875
2021-12-20,-0.03396949937387672,-0.021842546279377872,-0.025383077566709877
2021-12-21,0.014700562196574118,0.00942870544420904,0.011237240248463953
2021-12-22,0.018750212349762707,0.011007170994593363,0.012332751796186647
2021-12-23,0.007859461349842611,0.006909306212627531,0.007629935233502749
2021-12-24,-0.004867475226055795,-0.004032754879180422,-0.005874033007259305
2021-12-27,0.006283283866848954,0.004851870910828504,0.004282355651877623
2021-12-28,0.010708512664414194,0.008603409174043453,0.009522949408933501
2021-12-29,-0.0009693752141403111,-0.0011402602889762914,-0.0002992513854827017
2021-12-30,-0.0018896158791794626,-0.0005606259494814747,-0.0014364555506920507
2021-12-31,0.012836395152530988,0.008724831757606522,0.010386071702122912
2022-01-03,0.014091106409405363,0.015653315812207858,0.013896832715673879
2022-01-04,0.006601870790580833,0.01018687423526421,0.007507567685261396
2022-01-05,0.0029303645887797103,0.0067395852346920915,0.005068983734232146
2022-01-06,-0.002236623679004568,-0.010005417462796928,-0.006904271137702089
2022-01-07,0.003120941360883034,0.003764183651131514,0.0038227529710115338
2022-01-10,0.011684533525440077,0.010700318921871732,0.009577464860423435
2022-01-11,0.0008578119054765132,0.002913311252602302,0.0022587160031415365
2022-01-12,0.006861893406250985,0.008673115731830494,0.00884390887856834
2022-01-13,0.008098185787545287,0.0024956237305924223,0.003392253097421527
2022-01-14,0.001687524982158406,-0.00011232356375068253,0.0005947820439058393
2022-01-17,0.005171276728174634,0.0028675682661627455,0.0032325735140421585
2022-01-18,-0.017582112461028476,-0.010653690567923424,-0.013189744862911024
2022-01-19,-0.0014348253801227395,-0.00964224043394124,-0.006459840646728998
2022-01-20,-0.003516656139985197,-0.010112406160797005,-0.007199905527827566
2022-01-21,-0.021866057918621062,-0.007875745304668613,-0.011737380358041394
2022-01-24,-0.03996074312858078,-0.02656790518738339,-0.03087785947473287
2022-01-25,0.009671655227665443,0.007513491221694313,0.008166812356410924
2022-01-27,-0.012375620882789096,-0.00971173291462768,-0.010281697846999616
2022-01-28,0.004354266973949139,-0.0004793161771092791,0.002966672483149857
2022-01-31,0.017478642909999786,0.0139107178709299,0.01346173285361374
2022-02-01,0.01362484562690458,0.013667938611870323,0.01305169754727653
2022-02-02,0.011512941167905355,0.011557838585399605,0.011719126771298605
2022-02-03,-0.00989123704252326,-0.012362248664229525,-0.010295223567209688
2022-02-04,-0.0014348498838218093,-0.0024998826581151823,-0.0033331522480405384
2022-02-07,-0.012713917759025195,-0.017281112927623465,-0.014242257362219735
2022-02-08,-0.004569922346743138,0.0030876976246183574,-0.0009111819859288772
2022-02-09,0.010558587041767709,0.01141215233034587,0.010722183488601322
2022-02-10,0.00994906135820206,0.008133901085124018,0.0063830899719719
2022-02-11,-0.0194418910669234,-0.01312629691281364,-0.014617373596539363
2022-02-14,-0.0395935494628985,-0.03061622289529342,-0.032965495812717016
2022-02-15,0.03231562204942606,0.03025912638397754,0.028134562132853702
2022-02-16,-0.0036520903340487854,-0.0017432697608654735,-0.0010569978767039911
2022-02-17,-0.001012620578314638,-0.001016014719190439,-0.001206945891398803
2022-02-18,-0.007460605883100269,-0.0016353356196504576,-0.004153092583713214
2022-02-21,-0.009481050231072818,-0.004031556958107085,-0.007722320165308272
2022-02-22,-0.0070199193381219605,-0.006651566067580439,-0.007402085043495821
2022-02-23,0.005241266595946925,-0.0016937094155936583,0.001235444269264141
2022-02-24,-0.05477969114598047,-0.04778103847083648,-0.050406870422531
2022-02-25,0.03800944291080155,0.025261660109649586,0.02988593960754704
2022-02-28,0.016175535835131205,0.008134034290366632,0.00849697330215915
2022-03-02,-0.0001056044184676308,-0.011191633122935585,-0.007558771829600075
2022-03-03,0.0018267505487010727,-0.00649757722841704,-0.004496520633020307
2022-03-04,-0.018395265545443795,-0.015317032007332254,-0.017176073771446476
2022-03-07,-0.024416144283762597,-0.02352668473994779,-0.02367352573533732
2022-03-08,0.0094424201772223,0.009474776509483585,0.010505570501003092
2022-03-09,0.01733661112539253,0.020726290088294297,0.01990617635294689
2022-03-10,0.01901543747952883,0.01526738719047449,0.0149790175975828
2022-03-11,0.003843078369039965,0.0021421537513466316,0.003393505785498574
2022-03-14,0.007461664892342235,0.014482565042708062,0.009654277303455805
2022-03-15,-0.012586846699999099,-0.012346456503312231,-0.011043800121620428
2022-03-16,0.018930850998817972,0.018745100484606647,0.018708030103157913
2022-03-17,0.014012465921281914,0.018361988356508263,0.016565601283509146
2022-03-21,-0.006860736648615973,-0.009802202470463706,-0.008107130473822166
2022-03-22,0.009330816514276474,0.011561223252155806,0.008334299708429027
2022-03-23,0.0018347868198174133,-0.0040339354552280104,-0.0019627380225260005
2022-03-24,0.004195920696401512,-0.0013278937068936791,0.00028575579150569297
2022-03-25,-0.002242867780630875,-0.004049875890900112,-0.003241604468315895
2022-03-28,0.001986661835428505,0.004022619949862971,0.0016482350807531798
2022-03-29,0.002258980588868864,0.005998187274997013,0.005863435375847104
2022-03-30,0.008306181985726191,0.009982465582194733,0.00914517609822485
2022-03-31,-0.0007390692412585498,-0.001914477162001882,-0.0001611337734159779
2022-04-01,0.013045551880559447,0.011777965258592316,0.012944379301581765
2022-04-04,0.013280462539305704,0.021671841339984343,0.019678789595048318
2022-04-05,0.008850223339495367,-0.005317557796472028,0.0004094989018244011
2022-04-06,0.002285118670202202,-0.008339180323571727,-0.004067424241510964
2022-04-07,-0.011503050219067945,-0.00943974110495216,-0.008262683099736101
2022-04-08,0.01003472348992629,0.008208759390795572,0.009285393991800062
2022-04-11,0.003914489511296804,-0.006151497975913078,-0.0011015494828108263
2022-04-12,-0.018642356177490327,-0.008183810641252287,-0.010492254301535553
2022-04-13,0.0007982075100632091,-0.0031174816283502382,-0.001724427385205174
2022-04-18,-0.01399988061851598,-0.017281188010147552,-0.014037029761922004
2022-04-19,-0.01641042132943804,-0.012519178806467801,-0.01335917256025887
2022-04-20,0.0019655067957355943,0.010490244596548015,0.008396313810214329
2022-04-21,0.012916604933824294,0.014941678252146096,0.013713572193601475
2022-04-22,-0.011486785711664727,-0.012686452605167986,-0.010568707235865893
2022-04-25,-0.019861109954796508,-0.012695122564301942,-0.014894403508557974
2022-04-26,0.018132300081028507,0.014560121616207233,0.015358134624041897
2022-04-27,-0.014294021608411867,-0.009441443610115341,-0.009554735908557266
2022-04-28,0.009613284705839442,0.012128508890934642,0.010700772541641701
2022-04-29,-0.011100749939052301,-0.008263240381694681,-0.008753642494598202
2022-05-02,-0.0085027687740179,-0.0019559171203674675,-0.0031826255951031834
2022-05-04,-0.022592520692952034,-0.022936183451936376,-0.02327244137505813
2022-05-05,0.0035813871902108385,0.00030284821366977077,0.00014940187346690337
2022-05-06,-0.018073674342348633,-0.0162684216398562,-0.017349193977900912
2022-05-09,-0.016507625292172423,-0.006666182687180999,-0.010886676351475
2022-05-10,-0.024357769501886728,-0.003790968888092272,-0.00970571835360634
2022-05-11,-0.012334600726656597,-0.0044919933245182175,-0.006073168967994702
2022-05-12,-0.025917131279237116,-0.022211752141785834,-0.022259268963477963
2022-05-13,0.00038434466013304025,-0.0016352232651188903,0.00046415834529867084
2022-05-16,0.012685295807769448,0.0038112305721171857,0.007400833270628571
2022-05-17,0.03614295981570881,0.026321935902047233,0.02614721522965091
2022-05-18,-0.004607247832838723,-0.0011685620062508173,-0.0005636644952236036
2022-05-19,-0.030207635196086602,-0.026532725334179386,-0.026389857354132573
2022-05-20,0.022675959947389357,0.028891038794289337,0.02539675401683361
2022-05-23,-0.00825104904495233,-0.0031630222318707046,-0.004264114195496993
2022-05-24,-0.009931703707493189,-0.005522754266735541,-0.0063999875774994885
2022-05-25,-0.024360842098701374,-0.006161219184365629,-0.011602335299590871
2022-05-26,0.012746949053330958,0.009007387318995308,0.009920699091077623
2022-05-27,0.015912842792808135,0.011273847198922216,0.010974622386638488
2022-05-30,0.026906428546702665,0.018893205092962884,0.020301790352262428
2022-05-31,0.0,-0.004612433983534836,-0.002486806026232302
2022-06-01,-0.004574933197299846,-0.0037264067061659745,-0.002599171930658395
2022-06-02,0.01058988029717911,0.006370004993115463,0.006039232997784971
2022-06-03,-0.011235469704896306,-0.002628050201467391,-0.006355889269630044
2022-06-06,0.0007855278774544505,-0.0008893953501298846,-0.00169065073335406
2022-06-07,-0.0016398112739922643,-0.009245946006475991,-0.008431714570229842
2022-06-08,-0.008601830653502729,-0.0036609606157923524,-0.003494595493283681
2022-06-09,0.008368163502660675,0.00744972774168895,0.006495282369046729
2022-06-10,-0.009100693010768435,-0.016767698414100085,-0.013976423876391975
2022-06-13,-0.025566053244540643,-0.026379749115209128,-0.026473352369421943
2022-06-14,0.002942484712055604,-0.00268160945598539,-0.002131686348997075
2022-06-15,-0.002404847902193863,-0.0025393443813560568,-0.0005564713371307706
2022-06-16,-0.026536161775757572,-0.021128447854290244,-0.02179605972045484
2022-06-17,-0.01250554773126944,-0.00436829362663993,-0.007215822524011428
2022-06-20,-0.020400141255993542,0.0037042135956451006,-0.0033859871265454755
2022-06-21,0.03447737000407991,0.018804337854487096,0.022481307050736365
2022-06-22,-0.019975441057569765,-0.014419265085317434,-0.01466184177689045
2022-06-23,0.008680981841261648,0.009300447519609234,0.010043875859056639
2022-06-24,0.01593525885460867,0.009166472588529428,0.01090390544756592
2022-06-27,0.012914927104152207,0.008458990377725017,0.009161190896908034
2022-06-28,0.0034470715718530887,0.0011464333961117568,0.0014652942163044802
2022-06-29,0.005488963308689643,-0.0032239710103227903,-0.0034461964983324433
2022-06-30,-0.002364735411177321,-0.001193081241402827,-0.002258174391878809
2022-07-01,-0.007211189583731348,-0.0017870563085186086,0.0005154341000432883
2022-07-04,0.004960260541352568,0.005288188249805481,0.005838261130385991
2022-07-05,0.001948226175329859,-0.0015471713984448465,-0.0008016830414897536
2022-07-06,0.008694869326527188,0.011318189707300252,0.012587454286990152
2022-07-07,0.010285001272630323,0.00894949203151052,0.009852323681318609
2022-07-08,0.00740988804135756,0.005436047866567373,0.00455116346844453
2022-07-11,0.01985103413200706,-0.00028356592763323363,0.00423767924385321
2022-07-12,0.0018876640664546862,-0.0097249750439381,-0.007766322564901951
2022-07-13,-0.009642432533785161,-0.005707292501522909,-0.003777407519676035
2022-07-14,0.0028058027098543104,-0.0017536552323109689,-0.0017702283070198943
2022-07-15,0.006292798779934383,0.0069359576863876615,0.006389197559547366
2022-07-18,0.013835607686400131,0.014287304158276504,0.01408249727040567
2022-07-19,0.0072989183167189164,0.003811764271124396,0.004808936196749158
2022-07-20,0.0015634251141309896,0.01103388850696918,0.008023979087727007
2022-07-21,0.010448383012815476,0.005108719746296009,0.007582358009440959
2022-07-22,-0.0006558044383311312,0.006877295960614926,0.004540414651289515
2022-07-25,0.0007113407393539717,-0.005290199311757782,-0.0039827912357340844
2022-07-26,-0.004131355208584542,-0.00884795806776506,-0.009667704336197569
2022-07-27,0.004443101347199496,0.0095821774414373,0.008563461780425996
2022-07-28,0.007788265267755667,0.017293731123692924,0.01448198787908006
2022-07-29,0.015193923019449773,0.013505953826479233,0.013584124931266706
2022-08-01,0.020098935408501717,0.010595531668439406,0.01235536476319865
2022-08-02,0.007981610205751943,0.000311327663805816,0.0020037947389075494
2022-08-03,0.0004048909809071244,0.002461808358865669,9.748176697099709e-05
2022-08-04,0.002720514408473207,-0.0003537116074355806,0.0009678963115642425
2022-08-05,-0.0038347901976311105,0.0008917270739845495,0.0005338413514783813
2022-08-08,0.01054150785223329,0.007334364671648164,0.0062380431498512134
2022-08-10,0.0018275472219337896,0.0005506610997998429,-0.0005035442192068418
2022-08-11,0.004764762782436982,0.007085929368824795,0.0072969564441915935
2022-08-12,0.00873822261750834,0.0022170219505635025,0.0030075535273881293
2022-08-16,0.013268855304393368,0.007181519343531395,0.009243349884219487
2022-08-17,0.006299265635206108,0.006675923198833145,0.006449392163242473
2022-08-18,0.00803681548530033,0.0006826699360520383,0.0016613405302954298
2022-08-19,-0.00638462974133247,-0.011029475746944017,-0.010902488219912798
2022-08-22,-0.010638344333748329,-0.0150773300473388,-0.015416819688879424
2022-08-23,0.005960064214787897,0.00496268217550444,0.00591598417161765
2022-08-24,0.003685922725892743,0.001561611079505143,0.0033067463112481654
2022-08-25,-0.002597787476232627,-0.004686182219266755,-0.0026254293316133603
2022-08-26,0.006295886347775559,0.002080255529346653,0.0031057917049461814
2022-08-29,-0.0034574821792011656,-0.014009988924553851,-0.011539822105127384
2022-08-30,0.024209673369612883,0.02578426378902554,0.023529364190472357
2022-09-01,-0.0014727698663513644,-0.012190795272107646,-0.0074289341055756575
2022-09-02,0.0013730492909564962,-0.0001910505934481499,-0.000631153238497939
2022-09-05,0.006000094374625897,0.007203850071011875,0.006104615718272477
2022-09-06,0.009963945140489594,-0.0005774531254664206,0.001219363858188105
2022-09-07,0.0008344382694365216,-0.0017671004916441913,0.00041471780758595145
2022-09-08,0.0032925685486524525,0.009892512965589573,0.007918062324676178
2022-09-09,-0.00031072447571534045,0.0019439347917691308,0.0017292111392035459
2022-09-12,0.008784152799755196,0.005775695663245095,0.0071117410210008725
2022-09-13,0.004689912706239419,0.007454201929980142,0.005934837530155113
2022-09-14,-0.0012234550242964382,-0.0036690976717561608,-0.0024983944501727473
2022-09-15,0.010153107758728463,-0.007017960667916379,-0.003221266569601977
2022-09-16,-0.017550713663181172,-0.019384853148544656,-0.021591227971318294
2022-09-19,0.0020387582843683916,0.0052136885924867205,0.0032536642881371147
2022-09-20,0.011729433480604623,0.011008809885230342,0.011560431948407501
2022-09-21,-0.012425369439204026,-0.005495005437451739,-0.007052184129940797
2022-09-22,0.007956534483587907,-0.004997577656902563,-0.001689330618079632
2022-09-23,-0.019496889048592148,-0.017155677232420508,-0.018105209049344095
2022-09-26,-0.03404072108488054,-0.017951321762256445,-0.022045313662728327
2022-09-27,-0.003216080869703486,-0.0005230508522044985,0.00010862719432069845
2022-09-28,-0.007039658689322881,-0.00874917846539458,-0.00724507127802454
2022-09-29,-0.001421183432700479,-0.0024023347691036756,-0.0012379542588792924
2022-09-30,0.01559353054536139,0.01642575596626905,0.015535005156176673
2022-10-03,-0.022151783481709098,-0.012109264448790458,-0.01286973911630207
2022-10-04,0.021777902504130253,0.02291367093271912,0.022358864732320738
2022-10-06,0.013448467875585512,0.0033286441360573793,0.005829966657659558
2022-10-07,0.00045274574531894984,-0.0009895331040011834,-0.0010861340924723795
2022-10-10,-0.010195904828285585,-0.00425364584114718,-0.005656155543075969
2022-10-11,-0.013258831706445151,-0.014932383199930399,-0.015366216713138092
2022-10-12,0.004036080523804442,0.008246145339619648,0.007339402194570299
2022-10-13,-0.0061140236707946105,-0.006380083772817624,-0.006719545281926642
2022-10-14,-0.006209617006203927,0.010070888003887335,0.0057568357908583945
2022-10-17,0.007247283801594229,0.007337586960815656,0.006145817691828759
2022-10-18,0.013312637763615465,0.010117285874136073,0.010089768799252719
2022-10-19,-0.002244920116517446,0.0014468379208691928,0.0008003042180813047
2022-10-20,0.007585563065835688,0.0029521745492440132,0.0028868015283767257
2022-10-21,-0.0058004850645807515,0.0007032337856462956,-0.0020513390505965123
2022-10-24,0.006685961914510097,0.008787356376761757,0.007801191295021992
2022-10-25,-0.0020590346189214292,-0.004196122026705051,-0.0026745911909275
2022-10-27,0.010045528417780059,0.004564907874966551,0.005683463221000329
2022-10-28,-0.0032944408876268705,0.002810605244745412,-0.00017386188370960287
2022-10-31,0.011812270876006226,0.012672230395564199,0.011967224731790349
2022-11-01,0.014053871732355727,0.007395053222392978,0.00735221352456028
2022-11-02,-0.002030667136456943,-0.003447197631545107,-0.0025648202102326323
2022-11-03,-0.00112510241838093,-0.0016673473084335422,-0.0008291392214107018
2022-11-04,0.007467030362674487,0.003570168155688336,0.002980327329583421
2022-11-07,0.0066738164650916865,0.004727586225111935,0.005427963999778962
2022-11-09,-0.00040081124452340244,-0.002516139235956394,-0.0030675627410390316
2022-11-10,-0.007429346417595184,-0.007093725904609771,-0.008174222655602303
2022-11-11,0.001340878756434405,0.017833173247033374,0.013542738802263532
2022-11-14,-0.0021800309799258066,-0.0011198455015547504,7.032911843296574e-05
2022-11-15,0.0026290344868937776,0.004050924260950772,0.0027923126881030935
2022-11-16,-0.00799645489997125,0.0003396111515991951,-0.0019498419871948336
2022-11-17,-0.004073900674943287,-0.00357149639481924,-0.004216856728123219
2022-11-18,-0.005409408024023121,-0.00197613371355454,-0.002974912348904124
2022-11-21,-0.004455771634657046,-0.008067729540576885,-0.006240812245679517
2022-11-22,0.0006500776271940456,0.00463933015368867,0.0035849088796164885
2022-11-23,-8.79992171443078e-05,0.0012634580983039712,0.0018666490359791066
2022-11-24,0.004698068404840106,0.011870949889830174,0.009180603788123243
2022-11-25,0.0005208779555212484,0.0015500019600884762,0.0029622376817557416
2022-11-28,0.0019495026686680017,0.0027008413120686026,0.0036370166367136747
2022-11-29,-0.0004873392586411951,0.00297912654375021,0.001773900011235341
2022-11-30,0.0,0.007535634625419174,0.008455385918217928
2022-12-01,0.0006953632992041658,0.002886735334004964,0.0036246917033957438
2022-12-02,-0.002914082602354373,-0.006187396179402005,-0.002527516435172461
2022-12-05,0.0005796882462041353,0.00026482378562620035,0.00023179127797989807
2022-12-06,0.001156728504878357,-0.0031175136590962937,-0.0027776092463104307
2022-12-07,-0.0008743982528593985,-0.004411902750398933,-0.0038215325296073743
2022-12-08,0.0049317676979330205,0.002631912360927746,0.003095427616659263
2022-12-09,-0.0023860796515806637,-0.006058782405979346,-0.006181202968524091
2022-12-12,0.0003992723414343313,2.977743269738653e-05,0.0009644128806183261
2022-12-13,0.0044437473824874285,0.0059927938646799905,0.004833213237214418
2022-12-14,0.0007872888144535573,0.002810661073194387,0.0037284970386253224
2022-12-15,-0.009259297510190279,-0.013150934355333654,-0.011275525466280745
2022-12-16,-0.010257556581632188,-0.00792295301794177,-0.009341881468254765
2022-12-19,0.010697489555295148,0.008289956688926514,0.007600926353335868
2022-12-20,-0.0015516025128106126,-0.0019081205394395617,-0.0018406645036874725
2022-12-21,-0.019845439219497774,-0.01012771964355863,-0.012631827600373735
2022-12-22,-0.0100659076268943,-0.003942502735851727,-0.0061857751385361315
2022-12-23,-0.032741286328863306,-0.01768316025411787,-0.024981339192568508
2022-12-26,0.023838850053103933,0.011669632893506865,0.0
2022-12-27,0.006809385716714189,0.006533654614990558,0.0247473824378448
2022-12-28,0.0054887220317676455,-0.0005405150382313817,0.0009372089035921682
2022-12-29,0.007370774321481477,0.00377983170092433,0.0033953955808601055
2022-12-30,-0.0036927184201120955,-0.00471107793689185,-0.0023474435990460396
2023-01-02,0.0005679384182839531,0.005089583355357918,0.004843168926953245
2023-01-03,0.0013422070072848236,0.00192892762485819,0.002199831431602073
2023-01-04,-0.009772177769272417,-0.010399069487028845,-0.010592744909717067
2023-01-05,0.004991407632790379,-0.0028154392892826285,-0.00044174655281625785
2023-01-06,-0.00653813951287141,-0.007375503705446151,-0.007422248109529406
2023-01-09,0.01145631899731181,0.013536251708490266,0.011661839272852248
2023-01-10,-0.010636968116078171,-0.010333504750958511,-0.008080828766905968
2023-01-11,-0.005922203600786324,-0.0010299775022909463,-0.0015595432782499197
2023-01-12,7.421580643685033e-05,-0.00209547554088918,-0.00142144324227933
2023-01-13,0.005683396750154168,0.005510095918388247,0.004352208284253534
2023-01-16,-0.003288017658718001,-0.003438847072569362,-0.0026488433606717265
2023-01-17,0.006666669631402389,0.008854568511824201,0.005926006367344749
2023-01-18,0.0030457809440709305,0.006206556323560042,0.004559530594917094
2023-01-19,-0.003107069793975681,-0.003165367099256078,-0.0030161877392337333
2023-01-20,-0.0034749650713890023,-0.004428975305189153,-0.0046563683974431
2023-01-23,0.0023828559266372284,0.005042276095628795,0.0036030859778890534
2023-01-24,-0.0027968394868996826,-1.3798013043020418e-05,-0.0009511264178374557
2023-01-25,-0.015115550038526271,-0.01249297962501228,-0.014075375010907276
2023-01-27,-0.03441408367884724,-0.016074246906178757,-0.019588793232680257
2023-01-30,-0.010874662991187556,0.0025334426073457816,-0.0013815226936587655
2023-01-31,0.012243401407888044,0.0007479862801675896,0.005473186278528441
2023-02-01,-0.023331270602425014,-0.0025959245256645946,-0.005881932936627532
2023-02-02,-0.006841341753211494,-0.0003349392530399564,-0.0005556434710510816
2023-02-03,0.007394961236594,0.013835596307890219,0.0082853225543853
2023-02-06,-0.001060573142438459,-0.005010133160870178,-0.0018846785088039164
2023-02-07,-0.0006989748589562028,-0.0024261514654264627,-0.002139404952862689
2023-02-08,0.006107644404105272,0.008475536424681795,0.008461811525969587
2023-02-09,-0.006572963948468735,0.0012170079483646568,0.00011976103157973483
2023-02-10,-0.0013006099741403876,-0.0020649578680046465,-0.0009480975090219168
2023-02-13,-0.007916387478073883,-0.00479375070002519,-0.007681856996155756
2023-02-14,0.0007654798457841228,0.0089443537049958,0.004590476200463156
2023-02-15,0.0027978978817522204,0.004796470794436125,0.004726466083260883
2023-02-16,0.0038731503880566898,0.0011101336008929596,0.0029322230390733672
2023-02-17,-0.005742568300489581,-0.005081567689351307,-0.005290448640921541
2023-02-20,-0.005473203208510968,-0.005550518480140765,-0.0043521741832961425
2023-02-21,-0.0022433924747294887,-0.001003126492992057,-0.0016534422231342383
2023-02-22,-0.014953998940949287,-0.015280363131582653,-0.01421821864164119
2023-02-23,-0.0014585159550558613,-0.002452434977984641,-0.002390873947657468
2023-02-24,-0.005031293215577937,-0.002595429723749043,-0.0024749726208942446
2023-02-27,-0.006480452269085557,-0.004185411445805309,-0.00558766127553556
2023-02-28,0.0017280640232937294,-0.0051027157362857345,-0.0020586165712693782
2023-03-01,0.015470507380686227,0.008492348770636093,0.010062822858372789
2023-03-02,-0.0029106128605136394,-0.007392168719804415,-0.00529153802746074
2023-03-03,0.017215577320786712,0.015728598629827895,0.012853690723062972
2023-03-06,0.0076839562845500975,0.006655523618366965,0.0071913230342306456
2023-03-08,0.008318610569082674,0.0024250512391459367,0.00275184431909814
2023-03-09,-0.005927027330713597,-0.009282249899975281,-0.007907813553557408
2023-03-10,-0.005982303878839246,-0.010045664635585094,-0.008382937276889435
2023-03-13,-0.01432228140759051,-0.014851035931626178,-0.015354340818216072
2023-03-14,-0.006847040876804766,-0.006470680525861194,-0.006634661943496156
2023-03-15,0.0002702898716306912,-0.004174683738684903,-0.002663918050241576
2023-03-16,0.0015178151541990204,0.0007924286811309411,0.0007017873106407446
2023-03-17,0.004228207791589389,0.006738129621978839,0.00631526811745009
2023-03-20,-0.0069302395133383765,-0.0065292432199922645,-0.0071944443503905164
2023-03-21,0.0052469816390974255,0.007010642946744028,0.006579558561624843
2023-03-22,0.0029654821833831058,0.0025953757489405316,0.003379306236947377
2023-03-23,-0.0004244276229311561,-0.004372693304643627,-0.0039004419519363953
2023-03-24,-0.007528215983896969,-0.007720933328590696,-0.008650588238644175
2023-03-27,-0.004267382606630288,0.0023988383407489433,-0.0011415228438615976
2023-03-28,-0.0071994419225478445,-0.002001683861354908,-0.003568776594051193
2023-03-29,0.014277682394749025,0.007609856589321451,0.009414698104835972
2023-03-31,0.010585417560262655,0.016337198944623932,0.014795477761786469
2023-04-03,0.0012207097541798717,0.002206297973761151,0.0030293338041560425
2023-04-05,0.0037725309022138553,0.009138954817361267,0.007358619490908325
2023-04-06,0.0034597291622400217,0.002397874785437182,0.0033855767988504315
2023-04-10,0.0037515939996259906,0.0014148632219350699,0.002124072372496011
2023-04-11,0.009281353733098241,0.005574768321964241,0.005185756873499869
2023-04-12,0.0023021473980533447,0.005083967961446945,0.0049975486177671335
2023-04-13,0.002113395554156794,0.0008757724412713497,0.0008499918334117229
2023-04-17,0.004772121052535994,-0.006795512150830185,-0.0033402006327633016
2023-04-18,-0.0013432378348444685,-0.0026373533282438855,-0.0004897784386492798
2023-04-19,-0.0009811671846293724,-0.002344283016240789,-0.002691790922669024
2023-04-20,0.00036919213154340547,0.0003234746363958152,0.000326421342776273
2023-04-21,-0.002871894897244931,-2.260708945023282e-05,-0.0009857782983161423
2023-04-24,0.005177166215100337,0.006771973756565242,0.005593737728920356
2023-04-25,0.004856832018055979,0.0014568576938982503,0.0017112891711756895
2023-04-26,0.005340913232548816,0.0024958627615121465,0.0025876551954839844
2023-04-27,0.004309537895586191,0.005695152810193838,0.00537863548801365
2023-04-28,0.010186231434097914,0.008370013603697934,0.009585374633725552
2023-05-02,0.004986348746238267,0.004575166931912511,0.005335256059117555
2023-05-03,-0.001461739029084974,-0.00318502836487633,-0.0015913997271375102
2023-05-04,0.0066053065608946415,0.009173717607303677,0.008450918153089848
2023-05-05,0.0006153739208238918,-0.010232406865540389,-0.008237343197234792
2023-05-08,0.004270820627696681,0.010814123118324304,0.009719477163920187
2023-05-09,-0.002057322066608691,8.480038171931881e-05,-0.0004213364899808836
2023-05-10,0.002218269747401136,0.0026908205008338015,0.0029473688743508752
2023-05-11,0.0020825727184758946,-0.0009882342854272697,0.0011638395212294483
2023-05-12,0.0011965937934803605,0.0009728797753729701,-0.0004327159494457167
2023-05-15,0.0030398239894733337,0.004589120522186851,0.004674610819263014
2023-05-16,-0.001463569172439949,-0.006106338807060685,-0.0036849459454384448
2023-05-17,0.00033244900207840544,-0.005728269488420423,-0.0042634310748881354
2023-05-18,-0.008461325406929343,-0.002849053652701161,-0.004197363708174362
2023-05-19,0.00335494713193496,0.0040513721791914925,0.0029912376628054016
2023-05-22,0.010391285110437964,0.006097761825706316,0.006259930782969603
2023-05-23,0.006961643138385876,0.001834600568861644,0.002628353973168185
2023-05-24,0.0007986256484886489,-0.0034117947119577385,-0.0018527029825181618
2023-05-25,0.0052263596235715415,0.001955111686716471,0.0025328648386209185
2023-05-26,0.006946566201946336,0.009726420827874671,0.009096607254785338
2023-05-29,0.004305842085920553,0.005367798508963517,0.004816258739866575
2023-05-30,0.0007372976321629032,0.0018925684396833287,0.0017182339098920085
2023-05-31,0.0,-0.0053370195013254795,-0.0020918325814467398
2023-06-01,-0.0016618342123155827,-0.0025169624936233204,-0.0003837769624065457
2023-06-02,0.00736536050563541,0.002507044360454902,0.0032264884471377986
2023-06-05,0.003971422475036457,0.003223787573137793,0.003054784209349126
2023-06-06,0.0030456970341279366,0.00027699431442118616,0.001191739375453249
2023-06-07,0.009661355795187454,0.006849851638528914,0.008080146710700786
2023-06-08,-0.004767380814523436,-0.0049048192636628185,-0.005350908655744169
2023-06-09,0.00152061255973579,-0.00381819725413457,-0.002741616576668715
2023-06-12,0.0030811976280411546,0.0020524046550352004,0.0032561513521147667
2023-06-13,0.008609273995002553,0.0061635024393194016,0.007476918900513718
2023-06-14,0.0024257302926407043,0.0021238341844009856,0.0022338710222140623
2023-06-15,0.0006701738430598958,-0.0036149041015322014,-0.0016040614771026807
2023-06-16,0.00827543956404253,0.0073790483520230765,0.007672081037005896
2023-06-19,-0.00012256981308178538,-0.0037475183921172883,-0.0024286948458355218
2023-06-20,0.004616638871877354,0.003265717567498605,0.003580675640407094
2023-06-21,0.003228209378604463,0.0021337637466720683,0.0025308719783510014
2023-06-22,-0.008181921491693167,-0.004539443817404343,-0.006166535173164012
2023-06-23,-0.010454961854283629,-0.005633615236065759,-0.007992169010270334
2023-06-26,0.005654343781483773,0.0013768299134766515,0.003394408286418127
2023-06-27,0.005640792197772138,0.00675190341711196,0.006059299023604581
2023-06-28,0.008050775154716305,0.00822107281232487,0.007034379640084243
2023-06-30,0.010669571337299066,0.01143527476356887,0.009387351808298305
2023-07-03,0.005039331321500695,0.00695709243369369,0.005961607958003601
2023-07-04,0.0006952071984835939,0.003438946519135566,0.0017002449685723509
2023-07-05,0.00839979203014285,0.0004899685388621844,0.0024854017448774357
2023-07-06,0.0077797870077931375,0.00509321758125636,0.005895667167111984
2023-07-07,-0.004954890224699748,-0.00848835445771845,-0.007795746915078006
2023-07-10,-0.004123406125089324,0.0012466303397029588,-0.0006731335753343837
2023-07-11,0.010394702528755628,0.004313930032438185,0.005693573963603482
2023-07-12,0.004667946838147641,-0.002834429471475497,-0.0004174206361124977
2023-07-13,-0.005211260473915513,0.0015192303855748879,-0.0010306074328144676
2023-07-14,0.00638869568257161,0.007765114931427508,0.008514778409333124
2023-07-17,0.0029283250126086457,0.007511013251041421,0.006358407765225893
2023-07-18,-0.0010058866405850964,0.001917706853032497,-3.0097852750099463e-06
2023-07-19,0.008108817878199615,0.004248282371482448,0.004830488383120057
2023-07-20,0.004040869359628552,0.007361412439498949,0.005252648789335623
2023-07-21,-0.0009086259600978863,-0.011719737128305097,-0.008112048587943788
2023-07-24,0.003921027321630355,-0.0036794322929856182,-0.0023160017756206353
2023-07-25,-0.0010631819845913215,0.0004193703428323481,0.0018825803070010583
2023-07-26,0.006761491790933993,0.004964339187534694,0.004622126400078308
2023-07-27,-0.0026916445545444034,-0.0059863783008722304,-0.003287233063328454
2023-07-28,0.003667760337501047,-0.0007044597937843067,0.001722917866744833
2023-07-31,0.008525499965619021,0.005484562836559181,0.00652868233044912
2023-08-01,-0.0006300812406131451,-0.0010251191770254131,-0.0004601447549680282
2023-08-02,-0.01211643787654737,-0.010489749274959825,-0.011272035462233432
2023-08-03,-0.0032926596547212528,-0.007420685416911321,-0.00513961080110692
2023-08-04,0.004202614599035037,0.006983389270114548,0.007053226010425906
2023-08-07,0.003691396887694598,0.004114401867602702,0.0038926978035467297
2023-08-08,0.0008964817410646031,-0.0013497354646058168,-0.0004186991621755176
2023-08-09,0.0043959812432006196,0.003152707884763739,0.003221358430314014
2023-08-10,-0.0044815075848798624,-0.004556268458015711,-0.003763853566707276
2023-08-11,0.0010936655270252782,-0.005874136161590715,-0.00470483626406526
2023-08-14,-0.00017178742709211825,0.00032169565781225984,-0.0020521530694197487
2023-08-16,0.005075163194865784,0.0015667570139761278,0.0016344190069930153
2023-08-17,7.143848563351263e-05,-0.005124582584125403,-0.003014337398574707
2023-08-18,-0.0021122961045169086,-0.0028452826260957353,-0.0026514771087206013
2023-08-21,0.006560482993057892,0.0043215209131937105,0.005630341090883784
2023-08-22,0.006109094195704268,0.00014693555773015454,0.003156839451800675
2023-08-23,0.0060748184488021995,0.0024515199000461063,0.0026618949734549258
2023-08-24,-0.00027159915820418323,-0.002946964680621278,-0.0011858001725638667
2023-08-25,-0.00786385087012842,-0.006236153774081932,-0.006455984071501497
2023-08-28,0.005739646313601687,0.002089194238900971,0.003237123756498761
2023-08-29,0.0032375773775170646,0.0018957584743610756,0.0030814265579062194
2023-08-30,0.0037077090651898015,0.0002480956863764039,0.0024604299314001654
2023-08-31,0.0013704937514444904,-0.004840350603388277,-0.0026311845786340937
2023-09-01,0.008859713238865252,0.009426710188917609,0.00887776706063148
2023-09-04,0.009369709024521056,0.004810833701642592,0.006231404788513695
2023-09-05,0.007825545023441016,0.0023605960187407238,0.004141237467098158
2023-09-06,-0.002222013699608727,0.0018467726478093027,0.0018838286780085145
2023-09-07,0.009249696230271942,0.005915032360780392,0.005837589120101683
2023-09-08,0.01181263398223753,0.004709190366575022,0.005864037200540739
2023-09-11,0.012357317435542914,0.008900143420050854,0.009486826154561312
2023-09-12,-0.024583542815671544,-0.0001575482868895195,-0.010921373699108727
2023-09-13,0.002385942596320856,0.003841345269944396,0.003791359137484296
2023-09-14,0.009269121709415629,0.001649208239910216,0.00437902063987905
2023-09-15,0.002779218660257099,0.004439613877174287,0.003539113315533804
2023-09-18,0.002669047317719775,-0.002924316846098174,-0.00295492814174636
2023-09-20,-0.005112658943954851,-0.011518249945432046,-0.009325180749117035
2023-09-21,-0.011655053398643034,-0.007991939166498319,-0.008358455337306059
2023-09-22,0.00251941905667441,-0.003449417659114995,-0.0024676636952061237
2023-09-25,0.0015658709702111029,1.5288066889551644e-05,0.0006807331912876968
2023-09-26,0.0038437727916007525,-0.0005007261720755274,0.00024311514860664296
2023-09-27,0.00846910582861704,0.002631619198663282,0.0037535768807790415
2023-09-28,-0.006991766692361012,-0.009783629666773708,-0.009869354297193822
2023-09-29,0.007975765170182392,0.005877516917168757,0.007113989218850092
2023-10-03,0.00038058958159559175,-0.005578424654468894,-0.0022089922633315995
2023-10-04,-0.012020931088218001,-0.004744307271330683,-0.007609698295939715
2023-10-05,0.0008999438102210711,0.005641584105285702,0.004245795068271052
2023-10-06,0.004667085660475134,0.0055127073660514725,0.005687366896669266
2023-10-09,-0.013363780157999439,-0.00718194675884698,-0.009593167089115728
2023-10-10,0.013652067099714227,0.00909680297624016,0.010255340684212522
2023-10-11,0.003700619764941182,0.006170692128707245,0.006010396966356968
2023-10-12,0.004168349935636195,-0.0008757409120068171,0.0007094480005358506
2023-10-13,0.0001349897244835585,-0.0021698099802970328,-0.001684851673179777
2023-10-16,0.00303581182164403,-0.0009772027556287366,0.00015240582763054178
2023-10-17,0.005896589886455139,0.004041709427698992,0.004294786336457301
2023-10-18,-0.008186965911832655,-0.007086812741337156,-0.007081597707912168
2023-10-19,0.0013410297973535101,-0.0023588102112444,-0.0019315036900369176
2023-10-20,-0.008820452326001038,-0.004180896084593599,-0.005877935357153197
2023-10-23,-0.024083301169921523,-0.013350307425555652,-0.018598142296796683
2023-10-25,-0.008777133928166703,-0.008277236732921023,-0.007573018847893631
2023-10-26,-0.011277167269672983,-0.013853064912347501,-0.012251894475693748
2023-10-27,0.017866838685565822,0.010075700327460302,0.012684645232227343
2023-10-30,0.0017795805360720784,0.004916740769664862,0.003617582197390279
2023-10-31,-0.0009439256783509986,-0.0032026069828995363,-0.001485786996415439
2023-11-01,-0.002561111826907214,-0.004740624572936891,-0.0040563053734276044
2023-11-02,0.01260361538385446,0.007588523257266999,0.009433576857038384
2023-11-03,0.005995168514402405,0.005087980838331285,0.006521208729326267
2023-11-06,0.00859005009328695,0.00941990339899168,0.009320136766260534
2023-11-07,0.003830879549437727,-0.000260191958478706,0.0016550922513887123
2023-11-08,0.007614630684077417,0.0018962926582819506,0.004183108613781128
2023-11-09,0.00138128243786384,-0.002478937369815082,-0.002363820342864309
2023-11-10,0.004847390611004032,0.001549283945833313,0.0021894091895975354
2023-11-13,0.011495233376680236,0.0009369804014345284,0.003592828332548148
2023-11-15,0.007154383415705068,0.011926753508604282,0.010939173844774608
2023-11-16,0.0029835133644289247,0.004561522280999375,0.0048576982776449285
2023-11-17,0.006606152443460411,-0.0016897597201204206,0.00042064166004363024
2023-11-20,0.00295706815174146,-0.0019157289123818977,-0.0015255026490724743
2023-11-21,-0.0008521452425994669,0.0045394734754240496,0.0030698925693195545
2023-11-22,-0.001987044057900844,0.0014380348265852216,5.650762282316535e-06
2023-11-23,0.002157743157737091,-0.0004971574875239915,0.0006637946183329912
2023-11-24,0.0023306142709325073,-0.00036868908443588033,0.00023241205960600197
2023-11-28,0.0028669108620200667,0.004799264638990497,0.005571501190239969
2023-11-29,0.008170970637592534,0.010402389113554511,0.009147821583957993
2023-11-30,0.0,0.0018187545137213768,0.004683263118749226
2023-12-01,0.011040840692991827,0.0066929416105065975,0.007082541154396882
2023-12-04,0.017543625383071193,0.020668169003769332,0.018390502960681898
2023-12-05,0.0009191885926709276,0.008135565760247543,0.007591445442718836
2023-12-06,0.002054054518619397,0.003960643244200535,0.004919652953378373
2023-12-07,-0.0014529896899401207,-0.0017455990623970186,0.001276745683886471
2023-12-08,-0.002040625297422549,0.003265370504707432,-1.8691840573015206e-05
2023-12-11,0.008715313763913546,0.001320935183362959,0.003566135683160887
2023-12-12,-0.005306011380654119,-0.004319607014175553,-0.004443130119614835
2023-12-13,0.017395846992406483,0.0009542158562574343,0.0034595776054329175
2023-12-14,0.011659021099339695,0.012250087289956912,0.011860437453688366
2023-12-15,0.004514504697658239,0.012932779200891975,0.009023006685496826
2023-12-18,0.0015579864727144344,-0.0017710126840955187,0.000548444614745236
2023-12-19,0.004818061086188097,0.0016083748565725031,0.0007151566095091599
2023-12-20,-0.0306748731561296,-0.01412146609423337,-0.02033469130247667
2023-12-21,0.016096393271318732,0.004959794076523361,0.008645171677234442
2023-12-22,0.005606066452510827,0.004438926556610712,0.005960280060159695
2023-12-26,0.006155138281032313,0.004306875934107168,0.004941058871837489
2023-12-27,0.00245924803714459,0.0099527499207277,0.007734125673141801
2023-12-28,0.004537659975156094,0.005723881307796219,0.005301396614061593
2023-12-29,0.004284347415688838,-0.0021717930740454694,0.0015413168357023554
2024-01-01,-0.007233188559956583,0.00048317180721269004,0.0
2024-01-02,-0.001323450639025392,-0.003500136051024061,-0.0005532923356847963
2024-01-03,0.003984205211269964,-0.00685186637566948,-0.002639249318638126
2024-01-04,0.013473414494013625,0.006564470186349425,0.008989428277444311
2024-01-05,0.0058697280243349415,0.002410182228605562,0.0025254069916202937
2024-01-08,-0.00023680760864119854,-0.00911070868564301,-0.008825681401923968
2024-01-09,0.003256036618422442,0.0014804820050666745,0.0021553306613992795
2024-01-10,-0.0010211372951099973,0.0034277152411805734,0.0029958979413426956
2024-01-11,0.006360119069114711,0.0013183031833516878,0.00340713763713274
2024-01-12,0.008134181898065362,0.011426492637705898,0.008233615270164973
2024-01-15,0.006216482255973155,0.009267074694848665,0.007087714460114691
2024-01-16,0.0007762735559220246,-0.0029482333845447517,-0.0029166906483016897
2024-01-17,-0.008229690141586254,-0.020894393512082443,-0.017145394084501664
2024-01-18,0.0008576228627559246,-0.0050852715087356115,-0.0037356488015064526
2024-01-19,0.02325965883919623,0.00746195718645537,0.009868739398039006
2024-01-23,-0.024368994208034733,-0.01774084294273448,-0.020399010726427913
2024-01-24,0.024451551928829307,0.010129971071150878,0.012732742969026267
2024-01-25,0.005786183231846653,-0.004724053755400193,-0.0029818518328106336
2024-01-29,0.021206658034418124,0.018030591452244726,0.01643120665317377
2024-01-30,-0.00507038289600692,-0.009913698102483215,-0.006973093026262922
2024-01-31,0.013976294936544287,0.009460025419002926,0.011642897268905772
2024-02-01,4.815140688685382e-05,-0.0013003033741542103,-0.0012498674629574102
2024-02-02,0.012544151612470245,0.007205988175093214,0.006747677242441963
2024-02-05,-0.0010863873446174122,-0.0037568550808078083,-0.0028778742693241766
2024-02-06,0.0072262100018560815,0.007243402101531293,0.009079003702118005
2024-02-07,0.0129466841592214,5.014315737827957e-05,0.003783654146128468
2024-02-08,0.003124738819140216,-0.009692017110872975,-0.006066769035624198
2024-02-09,-0.01696735139229333,0.0029722318898448563,-0.0013033503471789887
2024-02-12,-0.030394225362777028,-0.0076414194307357075,-0.014342648661172741
2024-02-13,0.01013093864787451,0.005884480011507653,0.005473955850590073
2024-02-14,0.015547770661511029,0.004451992284961959,0.007046509251548372
2024-02-15,0.01485528168196737,0.0032371361888359207,0.005757327931618761
2024-02-16,0.005316848755128278,0.005930843022260657,0.006383210591655475
2024-02-19,0.0014042620043868137,0.0037000088082788096,0.0
2024-02-20,-0.0028691684283759233,0.0033766555730090353,0.005306249866215307
2024-02-21,-0.01589438310233604,-0.006392700010330099,-0.007083677731635318
2024-02-22,0.009324593297353134,0.0073633218581414805,0.007732815561112272
2024-02-23,0.005132960696214051,-0.0002137959201901074,0.0014568554146587864
2024-02-26,-0.0010024941172410706,-0.004080928508836235,-0.002840437086174208
2024-02-27,-0.0016345683761498364,0.003448994348646428,0.0018290478132709787
2024-02-28,-0.017666824185991747,-0.011135927809948543,-0.013425872856423937
2024-02-29,0.00927912147611809,0.0014418556686905948,0.003478970912970114
2024-03-01,0.012147143595495402,0.016192168700068565,0.012929285387492495
2024-03-04,0.008051379695972027,0.0029925402887358565,0.004041808609535957
2024-03-05,-0.004341634524645088,-0.00220029050703785,-0.0024496210285426256
2024-03-06,-0.009335228574668064,0.005266971542034149,-0.00012016577126872097
2024-03-07,0.007666238040316742,0.0008676673462120199,0.0027110509251671022
2024-03-11,-0.008111780991718942,-0.007153178801771132,-0.007147159535022651
2024-03-12,-0.01599924749152426,0.0001365188668460693,-0.0057839743392273935
2024-03-13,-0.05058898173301152,-0.015132725270416536,-0.026031886691369688
2024-03-14,0.028815965354316075,0.006771215952804832,0.013745530577579768
2024-03-15,-0.004513264334666811,-0.005567468627318717,-0.004576661507392554
2024-03-18,-0.003133441528111236,0.0014688778023679294,0.0009029110087364067
2024-03-19,-0.013693882832220061,-0.010802196640288697,-0.011719380172598215
2024-03-20,0.00186460085711726,0.0009923428906801757,0.0010963486053923166
2024-03-21,0.027586231340323453,0.0079146856998078,0.013516143185022145
2024-03-22,0.009086944902743976,0.0038524885010076115,0.004885020999818579
2024-03-26,0.011191693209724685,-0.00416580634029895,0.0005326633607609654
2024-03-27,0.0038649145171556487,0.005405716783151604,0.004126455867834666
2024-03-28,0.010525365070829018,0.009187001078543977,0.00833090745957632
2024-04-01,0.019046743568070568,0.006050979178091831,0.011720495086271043
2024-04-02,0.00825234877328307,-0.0003872860275131451,0.0037671844551745437
2024-04-03,0.010593326579217521,-0.0008306302403686683,0.0017476740723636475
2024-04-04,0.0022780827985871,0.003565912488363576,0.0028609158684291813
2024-04-05,0.0013663071152179018,-4.224679746289706e-05,0.0024413294101934824
2024-04-08,-0.0005655303772075237,0.006778164752814453,0.005020492392560527
2024-04-09,-0.006801537114254463,-0.0010390218270411866,-0.0013641507633793681
2024-04-10,0.0056034499869532794,0.0049044741142307835,0.005988254588749964
2024-04-12,-0.007484232197159213,-0.010301592814249916,-0.00811367929012452
2024-04-15,-0.014070157359103552,-0.010963897188301042,-0.012858210214263366
2024-04-16,0.0014130324825918361,-0.005594325260972033,-0.0027223341268387546
2024-04-18,-0.0033886636593744024,-0.0068652458503182245,-0.00481323905645592
2024-04-19,-0.0018890609950960036,0.0068717686886063944,0.0029766738168595097
2024-04-22,0.014187124592589306,0.008551965982977361,0.009303337612249774
2024-04-23,0.008923687425145488,0.0014147135985376202,0.003781353581051139
2024-04-24,0.00780062563337558,0.0015379287654238016,0.0037767549696869906
2024-04-25,0.011164276775997184,0.0074969296067168845,0.0066206316451156155
2024-04-26,0.006973595609812255,-0.006663626980883297,-0.0013681674109785602
2024-04-29,0.0037083305098764008,0.00996662256880243,0.0073346631368109705
2024-04-30,0.009223545876156036,-0.00170251731563964,0.00023818371519324089
2024-05-02,0.015622194337991502,0.0019177127972140884,0.004114853115640527
2024-05-03,-0.0007421064850837711,-0.007609859296553445,-0.005883664574517944
2024-05-06,-0.016755532717710353,-0.0014749338156797576,-0.004513530060225701
2024-05-07,-0.022179549426624257,-0.006246985595782073,-0.010970476616080305
2024-05-08,0.012012025654563274,0.0,0.0033363752640866995
2024-05-09,-0.02542568184740046,-0.01546911781190452,-0.017391999120075496
2024-05-10,0.00963952053165329,0.0044494691449390444,0.006109611465920928
2024-05-13,-0.0033051783021177394,0.0022149680905385605,0.00204700702154037
2024-05-14,0.016078312478107648,0.005148324587705533,0.00842478578567607
2024-05-15,0.012524219422916039,-0.0007786004689536163,0.0028064874893602987
2024-05-16,0.012987449039526089,0.009157377676264788,0.009025288265053666
2024-05-17,0.013082451257560246,0.0027785403439750667,0.00647425444260441
2024-05-21,0.013964229325470923,0.002802051667603722,0.005843922837631688
2024-05-22,-0.0020299517157041924,0.0030516154749500313,0.0023645665494447243
2024-05-23,0.009455111746705658,0.01636661960848307,0.011856283328036232
2024-05-24,0.0018510134347125007,-0.0004593757337192361,-0.0002699349702117715
2024-05-27,0.006194638200745395,-0.0010737589261899938,0.0004305579798684622
2024-05-28,-0.010032200390847401,-0.0019317094176221072,-0.004915572075792074
2024-05-29,-0.0007597546974783542,-0.008015115627261094,-0.0061273991643899794
2024-05-30,-0.013870771709182272,-0.009515599658179275,-0.01024402139586189
2024-05-31,0.0,0.0018697799732139142,0.003077683471320869
2024-06-03,0.04575569044819838,0.03254231769535276,0.032890570843386646
2024-06-04,-0.10370580795820072,-0.05929359941641077,-0.06760213396290005
2024-06-05,0.03451005334138957,0.033624236760035675,0.035945492379209965
2024-06-06,0.025548192784301538,0.008888049244237806,0.014752241983262637
2024-06-07,0.01991523007746787,0.020539931466807104,0.018682442809501598
2024-06-10,0.004790862385941619,-0.0013289382574128705,0.0020262499837344627
2024-06-11,0.00740498733431183,0.0002429314342191624,0.0020061215365745344
2024-06-12,0.010496616253735658,0.002497312914139238,0.004985777903624422
2024-06-13,0.008303462772404124,0.0032564994745150067,0.005161505605742356
2024-06-14,0.012338987967337678,0.0028505279152657437,0.006342216742779794
2024-06-18,0.007634953415593948,0.003933450786960613,0.005190297424185308
2024-06-19,-0.0147015988991549,-0.0017786131162043084,-0.004688808603000805
2024-06-20,0.0002626429922623075,0.0021687361796223215,0.003608529952459527
2024-06-21,-0.0025617184698737416,-0.00279629951309035,-0.0030889972173018254
2024-06-24,0.006096531871394362,0.00156375661610908,0.0023790212573915337
2024-06-25,-0.0019980993869540553,0.007793879853915442,0.003658774139790655
2024-06-26,-0.0009135119065731834,0.006218040121837909,0.002957016871209195
2024-06-27,0.003684269181640998,0.007361040898544724,0.004483687775089118
2024-06-28,0.005243302663555216,-0.0014099020825968367,0.0009894143840243341
2024-07-01,0.006409454561702388,0.005470484349075377,0.007442492428509473
2024-07-02,-0.002850788103466728,-0.0007497161563467802,-0.002191116923076164
2024-07-03,0.01114772731405611,0.006742306607722792,0.007646175181297288
2024-07-04,0.009951777654132687,0.0006444070008029268,0.002756966905627767
2024-07-05,0.009871843113371526,0.0008928929498506211,0.0032054871817164265
2024-07-08,0.002789755639079239,-0.00013562113637344275,-0.0007177767070413177
2024-07-09,0.0032721112369960004,0.004631820986013446,0.004187827649644538
2024-07-10,-0.0008780669661083707,-0.004450911197766749,-0.0038885793239785693
2024-07-11,0.007436963037178446,-0.0003494426502141934,0.0012011502005557784
2024-07-12,-0.0023458638853887104,0.007657573644356042,0.003920810195498836
2024-07-15,0.00938786493017485,0.003450669707641296,0.004953373694594587
2024-07-16,-0.004470776973519164,0.0010697158254551198,-0.00024126004559454906
2024-07-18,-0.01523616966745811,0.007632129743428306,0.0002499878793755794
2024-07-19,-0.025535629674678262,-0.010884676251089243,-0.015357621369917696
2024-07-22,0.011385830419327725,-0.0008825762723847497,0.0038965757155153824
2024-07-23,-0.008275811717256998,-0.0012321559717249908,-0.0033758598312010335
2024-07-24,0.010621319624412928,-0.002677831825905974,0.0024600704092652137
2024-07-25,0.004645420652807486,-0.0003031269840456652,-0.00018320040368846602
2024-07-26,0.01830567181621201,0.01756732976027453,0.016354526884770237
2024-07-29,0.011800972950808175,5.03324972633834e-05,0.004385549321497706
2024-07-30,0.006004904907556563,0.0008536433743000504,0.001996271444827613
2024-07-31,0.006639159646951942,0.00377553501085659,0.0038351935773317525
2024-08-01,-0.0018295222914407328,0.0023946791656728195,-0.0010284890896821164
2024-08-02,-0.0118071845767872,-0.011722935491954689,-0.010514085181696387
2024-08-05,-0.03734817812700297,-0.02678645789462286,-0.030826181362111016
2024-08-06,-0.012781087624200826,-0.0026209626510589334,-0.0043982992503552865
2024-08-07,0.03262571853312157,0.012710162480444431,0.01807219059835674
2024-08-08,-0.004913140763936008,-0.007428747813561065,-0.00626731131156566
2024-08-09,0.01693179030775993,0.010386864037815746,0.00959233975363083
2024-08-12,0.0024708968683213595,-0.0008412844977941925,-0.00033373571335093555
2024-08-13,-0.010719043140561602,-0.008543146999630324,-0.009166093847948309
2024-08-14,-0.004729335121314016,0.00019677699987563635,-0.0014599965420455385
2024-08-16,0.017798825953772246,0.016459762490292462,0.016930072257177242
2024-08-19,0.009226343723755859,0.0012835584110202358,0.0036106954654868684
2024-08-20,0.005315806191638961,0.005135759339910173,0.0060761075368143125
2024-08-21,0.001563360894468513,0.0028887826964991703,0.00379293192463237
2024-08-22,0.0038641946735098465,0.001667357653657442,0.0030831403149367276
2024-08-23,0.002566959210505093,0.00046955607782672715,-0.0009406216051508487
2024-08-26,0.0028358857305310625,0.007551387144671073,0.006110497701109496
2024-08-27,0.002238723837750145,0.0002858944102370753,0.0018292193650726318
2024-08-28,0.00474234573371124,0.0013830024432652799,0.0004702258035396145
2024-08-29,-0.0004933750619092736,0.00397565940632294,0.0006542685086201594
2024-08-30,0.006077005950555492,0.003337760073577778,0.004364971559870812
2024-09-02,-0.0041081725339159325,0.001695950113232314,0.0011017034929794445
2024-09-03,0.0007805540090024543,4.550829989491412e-05,0.0011678949236519909
2024-09-04,-0.0029374959273665846,-0.0032100820170585243,-0.0016625223343196271
2024-09-05,-0.0008318621910893276,-0.0021270784221717465,0.0005853067045784588
2024-09-06,-0.014434023863705847,-0.011650350298901935,-0.01199780973314224
2024-09-09,-0.005185856866022909,0.003390048695012693,0.0010414637161495488
2024-09-10,0.009163780910486974,0.0041986500501236534,0.006020725663318238
2024-09-11,-0.006117504948281116,-0.004897963449619458,-0.00475393557119963
2024-09-12,0.017962497404785838,0.01887963282727112,0.015982984727755722
2024-09-13,0.0009645821916197672,-0.0012761636040355961,0.0008721004091070128
2024-09-16,0.00446278752121021,0.0010746751326089488,0.0016716677938997115
2024-09-17,-0.001332935654010825,0.0013709866056039743,7.097620724327847e-05
2024-09-18,-0.003745205660462214,-0.0016129951842196455,-0.002972477934362505
2024-09-19,-0.01033270209524828,0.0015072376499098983,-0.001870447541779785
2024-09-20,0.0167488621419436,0.014760441377741573,0.014247182275078707
2024-09-23,0.01343010305771708,0.005742385099666292,0.0076630554734369305
2024-09-24,0.0036640167646309063,5.2030021699067674e-05,0.0004306950325063674
2024-09-25,-0.003070247882027588,0.0024575565157058943,-0.0007564348614769179
2024-09-26,0.0035277609225623507,0.008148714241454025,0.005155681002205537
2024-09-27,0.006488118468688908,-0.0014152231703233875,-0.0003000220133079212
2024-09-30,-0.00986262389205439,-0.014060900852023384,-0.009977788677409505
2024-10-01,0.00021363870024937448,-0.0005404401234794243,0.001076566220986619
2024-10-03,-0.023130998972669348,-0.021196375260987388,-0.021253560620801304
2024-10-04,-0.008274525284952428,-0.009326695880144675,-0.00928208083836024
2024-10-07,-0.023589529256999642,-0.008748875168602677,-0.014998970115421728
2024-10-08,0.028477361247167376,0.00876764730346924,0.014261163260275156
2024-10-09,0.011466895324547588,-0.0012473907279866303,0.003702228181657663
2024-10-10,-0.0008952070389400824,0.0006604768849507447,-6.140861599301939e-05
2024-10-11,0.004641310252950337,-0.0013680536120755926,0.0005551116997797312
2024-10-14,0.004106261409327239,0.006557345754428789,0.00490447482661871
2024-10-15,0.003190309421898352,-0.0028096049048969007,0.0003644969440042001
2024-10-16,-0.004120921000374422,-0.0034340754096676696,-0.0026352216359225578
2024-10-17,-0.0222708831397731,-0.008868227322834543,-0.012509969553620603
2024-10-18,0.0028732318849920002,0.004210173941240125,0.002724867123668595
2024-10-21,-0.011581143721926201,-0.00293518237799828,-0.007570133343465235
2024-10-22,-0.028661096701837363,-0.012469180337869368,-0.019292264892050714
2024-10-23,3.096583839368172e-05,-0.001495564743491773,0.001168136489707372
2024-10-24,-0.003309924019090027,-0.0014773427748562273,-0.0023313238377605794
2024-10-25,-0.022094104746990362,-0.008959220549493163,-0.012673369057437878
2024-10-28,0.005986255100265847,0.0065485676346082045,0.0067068801687293345
2024-10-29,0.00801803363604936,0.0052466588480091225,0.006406264362830649
2024-10-30,-0.002142441999197664,-0.005149825253829232,-0.0019850800261089763
2024-10-31,-0.0009094943494672991,-0.005566773640794054,-0.002657217637036302
2024-11-01,0.008794145707411882,0.004090004961616156,0.005914720967565845
2024-11-04,-0.018198911263447304,-0.0127137736646451,-0.01337434314781416
2024-11-05,0.00443079362789045,0.00908305881860727,0.007174112722551085
2024-11-06,0.02142243146526357,0.011181870759630508,0.015491708076836863
2024-11-07,-0.012960467001411957,-0.011628025706147627,-0.009767151793245166
2024-11-08,-0.01743375079772047,-0.002113709312467793,-0.0070419121677172125
2024-11-11,0.0015462539550501475,-0.00028567088740283353,-0.002395603529340873
2024-11-12,-0.015022764739708094,-0.010680930776533315,-0.011524279366189272
2024-11-13,-0.02281489574675455,-0.013582562322921432,-0.018633317642597236
2024-11-14,0.0022164078105930685,-0.0011185324376894457,0.002197148172435881
2024-11-18,-0.0009921320932981814,-0.0033527151631265184,-0.002900283652258695
2024-11-19,0.009094272221578104,0.002758581406631766,0.004792332980720682
2024-11-21,-0.007225575077376978,-0.007168807933116472,-0.008339260339774834
2024-11-22,0.01582582651040898,0.023869464111237804,0.018546535956195154
2024-11-25,0.021242105499263753,0.013161295867362366,0.014755504688174659
2024-11-26,-0.0037415310948598623,-0.0011312238174179257,0.0003967995543929792
2024-11-27,0.01122728064033196,0.003323085437806128,0.005728544749148412
2024-11-28,-0.0015779253073655575,-0.014861029054492936,-0.007815616083455601
2024-11-29,0.0,0.009072001940535257,0.007668460054165216
2024-12-02,0.009923446463520946,0.006006820004948565,0.0065610089203067545
2024-12-03,0.005048046119359828,0.007460011144599932,0.008101297002939267
2024-12-04,0.0033681741668483145,0.00042109681465385407,0.003416485141059633
2024-12-05,0.010036163043761315,0.009847825562885104,0.0077252416177839844
2024-12-06,0.0055536438490224604,-0.0012384293961259507,0.0014670704151846792
2024-12-09,-0.0002579878870153651,-0.0023827399277279726,-0.0008621964435548968
2024-12-10,0.0017195563941374559,-0.0003635086213900074,0.000983186957968396
2024-12-11,0.004222277381061623,0.0012901233029631864,0.0018550368766487857
2024-12-12,-0.0029040776924394995,-0.003778196379659149,-0.00435608120927411
2024-12-13,0.0029735150834395707,0.008945547808588916,0.004409488416201368
2024-12-16,0.004667447547720416,-0.004039468921733236,-0.0002782659416367128
2024-12-17,-0.006962129223817337,-0.013468730047733413,-0.01099238954961057
2024-12-18,-0.004010030035499379,-0.005635699812006956,-0.006986116899213024
2024-12-19,-0.003950756678542278,-0.010213311567061067,-0.007946577930788123
2024-12-20,-0.022517344190151056,-0.01520556915080562,-0.019020180183861424
2024-12-23,0.00033928142020211993,0.0070354729729729115,0.0041623156984100795
2024-12-24,-0.00017038767937793686,-0.0010861087115143775,-0.00042840592733939253
2024-12-26,0.004851470782201606,0.0009503186263191132,0.0012342437112158322
2024-12-27,0.0004661642072589789,0.002661079652128029,0.0006620320072405761
2024-12-30,-0.00015916235810020662,-0.007075847935867907,-0.003922835670420177
2024-12-31,0.003099872284017202,-4.212721278373799e-06,0.0008162936546534105
2025-01-01,0.005453080637034979,0.004148887118253564,0.0
2025-01-02,0.01585973043865896,0.018774033191665485,0.019858845053837726
2025-01-03,-0.005481090699930635,-0.007602755327609123,-0.004890483435401327
2025-01-06,-0.024117376647937228,-0.016192595996625703,-0.0212588868620186
2025-01-07,0.0017963359590529304,0.0038892874268343647,0.005230501946279276
2025-01-08,-0.011763247569392954,-0.0007993610384197103,-0.004916808179090237
2025-01-09,-0.011052828763946643,-0.006857594959147506,-0.008332658331314136
2025-01-10,-0.01425159038211421,-0.004037999702463213,-0.011228549250458464
2025-01-13,-0.03553452735352347,-0.014747275302477436,-0.025485149834854837
2025-01-14,0.011460448118303379,0.003902874499386977,0.011184697929858212
2025-01-15,0.006466706623513563,0.0016028803979861728,0.0032655961858825133
2025-01-16,0.005749201273643312,0.004247650725383689,0.007579697112997774
2025-01-17,-0.0020788213542720646,-0.004658651792672774,-0.0015796219592817407
2025-01-20,0.0029865692761474882,0.006100485537167577,0.0059385846565422895
2025-01-21,-0.027661344690921963,-0.013711845677293555,-0.0172314540442019
2025-01-22,-0.008570934046409295,0.0056764909144164655,-0.0017098911425196262
2025-01-23,0.013856756639902823,0.0021593282262408753,0.006613215440499864
2025-01-24,-0.013928061459468677,-0.004876047658393667,-0.010175033611480866
2025-01-27,-0.02952639404763635,-0.011391241935562957,-0.019135657299397923
2025-01-28,-0.01270247554347137,0.005611229817278129,0.0006599787080743269
2025-01-29,0.027519691962565984,0.008966649288351114,0.015328737499850753
2025-01-30,0.0008737227233361899,0.003730087599762788,0.00244757713398136
2025-01-31,0.01597247427925752,0.011135740150325812,0.013306744482920463
2025-02-01,0.0004939154267551427,-0.0011166221250199504,0.0
2025-02-03,-0.008025616935851576,-0.005157091976693451,-0.008264233935877718
2025-02-04,0.013327228367802535,0.016189306820631133,0.015180360547707883
2025-02-05,0.008028182248354332,-0.001809207062143936,0.0026142406629574566
2025-02-06,-0.010523989105345355,-0.003922602634608197,-0.005132184089422398
2025-02-07,0.007282207395114204,-0.0018387386257991967,-0.0012134682083946302
2025-02-10,-0.019020454890804395,-0.007570033692307909,-0.012697389809046
2025-02-11,-0.024637725347562478,-0.013249684936046169,-0.019692370006285764
2025-02-12,-0.003998265209143259,-0.0011507892904301098,-0.002033350642280052
2025-02-13,0.001052752569083104,-0.0006009745771905495,-0.0001674012423750204
2025-02-14,-0.021602007106382493,-0.004435266153706374,-0.01297576844382431
2025-02-17,-0.0012202326472227076,0.0013192755977626813,0.0009329669494375636
2025-02-18,-0.0036413079546798732,-0.0006184463402948426,-0.0019827874079475505
2025-02-19,0.009393252800631968,-0.0005404326900405598,0.005824389699382371
2025-02-20,0.012482352541907549,-0.0008612081186238907,0.0048067257418200615
2025-02-21,-0.011692705961934391,-0.005117148798882476,-0.006761506210243962
2025-02-24,-0.011433879082647924,-0.010640105330068539,-0.010720062891941828
2025-02-25,-0.002977325594765712,-0.00025711604818956513,-0.0024280891150499917
2025-02-27,-0.009947947084379849,-0.00011087678764998277,-0.005054139883685305
2025-02-28,-0.02814086742892774,-0.018644959666695105,-0.02139495971854999
2025-03-03,0.006566254772016222,-0.00024400049223838316,0.0008072485556323006
2025-03-04,0.0021405439190731457,-0.0016569416451024388,0.0010504319227644388
2025-03-05,0.02482879981343289,0.011531695069225467,0.01700235704488917
2025-03-06,0.007551839008630878,0.009284847776867,0.00940930611778934
2025-03-07,-0.004459765376654379,0.00034601398645017767,-0.00018091655152419062
2025-03-10,-0.013404589385242582,-0.004088203913091726,-0.008653178397177164
2025-03-11,0.004368183690424576,0.0016740474556060647,0.0017763303974538402
2025-03-12,-0.005508224388294569,-0.0012179087892316698,-0.0018790981714074118
2025-03-13,-0.004782014643026633,-0.003262089461738671,-0.004357348240979331
2025-03-17,0.007505971684722779,0.004980568336268254,0.005563526837685906
2025-03-18,0.0005065481057209276,0.01446329899483545,0.01818281587391124
2025-03-19,0.03701517522194053,0.0032100316461272094,0.010035280148813053
2025-03-20,0.011234472248456084,0.012356195589090069,0.009851699357760868
2025-03-21,0.009401160022124433,0.0068885519512889015,0.009674851356143988
2025-03-24,0.010480870035439738,0.013188177230298859,0.012418936532504699
2025-03-25,-0.008846566731457672,0.00043539728764163677,-0.004659167298646905
2025-03-26,-0.005958739570114169,-0.007681079328545448,-0.007570793635059636
2025-03-27,0.007869335549582468,0.004474827877002596,0.0062278355976252975
2025-03-28,-0.005493088536743462,-0.0030773044101545244,-0.0031950018566044847
2025-04-01,-0.012886684962044481,-0.015036571865236992,-0.012596365500167073
2025-04-02,0.01222526452932371,0.0071938424586863725,0.009249807938730203
2025-04-03,-0.0019337003521110452,-0.0035251486188494496,-0.0010462882437778376
2025-04-04,-0.030086600032944166,-0.014866619775066536,-0.020620558535596634
2025-04-07,-0.041041594158997774,-0.03243254628305536,-0.03362838903268095
2025-04-08,0.02204983728960186,0.016887318902814252,0.0186564793603492
2025-04-09,-0.012429446872846639,-0.006065856008070525,-0.006056930223332202
2025-04-11,0.025731960747107152,0.019170387409190415,0.01945790017438931
2025-04-15,0.0281109451666397,0.02190239778210845,0.025372456851040504
2025-04-16,0.005709697774449296,0.004657316201027051,0.005871839265031653
2025-04-17,0.01157420170390866,0.017683476937954135,0.012950693524160561
2025-04-21,0.02168307415430415,0.011483498464016417,0.0149527689241844
2025-04-22,0.002478513537992777,0.0017284255654137493,0.0036081656214852487
2025-04-23,0.014799469691809453,0.006690840652122221,0.006902792874560415
2025-04-24,-0.0018134987609373932,-0.0033807460922566923,-0.0025609427164068332
2025-04-25,-0.022079140170539135,-0.00855166336268387,-0.0149905432953642
2025-04-28,0.0117555052257996,0.012028211882747275,0.011611931180172563
2025-04-29,0.0034269669957671667,0.0003061930965739812,0.00047737096380950916
2025-04-30,-0.00525103358434853,-7.191007773188485e-05,-0.003724137041671627
2025-05-02,-0.005391662106221995,0.0005136803511647248,-0.0010917260921826655
2025-05-05,0.015818002239184947,0.004700890697612925,0.00859540082818322
2025-05-06,-0.015100591989405276,-0.0033338898599493128,-0.010747878570390834
2025-05-07,0.00740633136258495,0.0014274549954715887,0.005276300130077294
2025-05-08,-0.014293707007140832,-0.005758880297096702,-0.010392976113639985
2025-05-09,-0.007682345431564097,-0.0109501096942064,-0.007668342745592138
2025-05-12,0.04012751892448785,0.038183073090219954,0.03856186252475924
2025-05-13,-0.004662431283811719,-0.01389583907654357,-0.007196353722510596
2025-05-14,0.012248888781562384,0.0036027960647213586,0.006716046370441431
2025-05-15,0.013279288579280513,0.01602143814146184,0.012858098235516424
2025-05-16,0.005180161155405205,-0.0016877607536591732,0.0036026296496720622
2025-05-19,0.0004926831779854535,-0.0029717088137536374,-0.00022297370404755767
2025-05-20,-0.013956002365524078,-0.010484831354666824,-0.012254159587744007
2025-05-21,0.008728486688425408,0.00524831270888626,0.0064222683372900935
2025-05-22,-0.005680487037287962,-0.008211272774042211,-0.005967730280210026
2025-05-23,0.005567611914415904,0.009892488718005854,0.008234157169727752
2025-05-26,0.006702762260912376,0.005954979456279652,0.00558578272889565
2025-05-27,-0.0009795176965499142,-0.0069977248703164685,-0.00400731517045283
2025-05-28,0.0005246975287556133,-0.0029706520659956714,-0.0016259991398768214
2025-05-29,0.006952561913418975,0.003278479228775888,0.003597514304359173
2025-05-30,0.0,-0.00333823496911434,-0.0025982888866998843
2025-06-02,0.001527162392455983,-0.0013777230725331435,0.0014275438006516872
2025-06-03,-0.0030129905699568527,-0.007043833380258491,-0.0053953105498258935
2025-06-04,0.005245182358688316,0.003165904807986175,0.004251135989740806
2025-06-05,0.006780516638297263,0.005308696762106768,0.005552929925184191
2025-06-06,0.010920929270431312,0.01018752395450262,0.010054704021234429
2025-06-09,0.008085381123292157,0.004005448710087123,0.007142260325444072
2025-06-10,-0.0005857187501531191,4.18584595869298e-05,0.00040283821792819197
2025-06-11,-0.0026502664304876022,0.0014798446727146697,-8.995775249220905e-05
2025-06-12,-0.012428380390025695,-0.010071084662786611,-0.01248617141263697
2025-06-13,-0.004221926208992088,-0.006814458847919758,-0.006085536156515414
2025-06-16,0.009704643312929084,0.00921979376770854,0.008244561251585347
2025-06-17,-0.006138919018294331,-0.0037319707924959866,-0.004916671642141934
2025-06-18,-0.0020710322167797335,-0.0016637405234334324,-0.002449830570241285
2025-06-19,-0.0065031468829845895,-0.0007577278241026608,-0.007053339742310705
2025-06-20,0.013993647880246707,0.01287247095983779,0.012194944071649783
2025-06-23,0.0026329095159371985,-0.0055948454872697395,-0.0017186510212771067
2025-06-24,0.006746317985812267,0.0029012296868362597,0.004856171064930637
2025-06-25,0.006598413222361321,0.008001820520425307,0.007945693232982665
2025-06-26,0.009405287022588915,0.012052010814129765,0.009473434201428876
2025-06-27,0.008264701636923277,0.003475704773181043,0.004362682590943967
2025-06-30,0.000616698068736321,-0.004709842354665206,-0.0001249429756455811
2025-07-01,-0.0012120288490956588,0.0009699396772837598,-7.409854080453471e-05
2025-07-02,-0.0029579227591229884,-0.0034610085397696055,-0.002887906900193582
2025-07-03,-0.0025681601241428487,-0.00188971251922454,-0.0010786988130249142
2025-07-04,0.001225110111909844,0.0021924250859925998,0.0017260381325971963
2025-07-07,-0.0023485111712823192,1.1813410706551508e-05,-0.00047745460989889743
2025-07-08,0.0007254483640146692,0.0024036171315751087,0.0009066019229713174
2025-07-09,0.0029118343155674076,-0.00181801902732881,-0.0006406418482302056
2025-07-10,-0.00565023914077345,-0.004743646446198069,-0.0036527226409772684
2025-07-11,-0.008215315937185164,-0.008100901810276007,-0.008039621357674553
2025-07-14,0.003298150362900154,-0.002685854157148504,0.0011318087414358136
2025-07-15,0.007182052713199161,0.004525103218794291,0.006010524010171103
2025-07-16,-0.00047772602666629194,0.0006449487413033861,0.0009957550267720716
2025-07-17,-0.0025563448594893012,-0.003990217351728331,-0.002249474118649508
2025-07-18,-0.0056141999778818175,-0.0056965580472427835,-0.0061721043799432
2025-07-21,0.00964375480150359,0.004898144302865282,0.004438159427172073
2025-07-22,0.0012532404774185935,-0.0011876443882732346,-0.0024616187150191537
2025-07-23,0.004524241599419776,0.006344544590244583,0.004609599037746159
2025-07-24,-0.004698141999951333,-0.006256994627491075,-0.005433609598926803
2025-07-25,-0.011390240036311838,-0.008981674037030651,-0.012286923489645551
2025-07-28,-0.009594857027986903,-0.006284962329387578,-0.007293200757868323
2025-07-29,0.005203556836397505,0.005680474234370125,0.007020648100069415
2025-07-30,0.0005063584067623861,0.001367835124523431,0.0011388174787556604
2025-07-31,-0.002395714793434367,-0.0034882717656889994,-0.005149078560503395
2025-08-01,-0.012056743136940495,-0.008195943742782208,-0.010530192575227693
2025-08-04,0.009192369611914053,0.006407415043054421,0.008236432898216295
2025-08-05,-0.0006509907033624973,-0.0029608040671041946,-0.0027077561883117607
2025-08-06,-0.006399320637186623,-0.003056914228121266,-0.005774519842314141
2025-08-07,0.0012967277502811125,0.0008932609229541644,0.0012021961794252967
2025-08-08,-0.013808530226763094,-0.009466912735407229,-0.011057905934559797
2025-08-11,0.008771506205081714,0.009101804471857822,0.008479149531720465
2025-08-12,-0.004053510799240878,-0.003971941790719136,-0.0028652110753528692
2025-08-13,0.00934823796038109,0.005388453516712133,0.005738060944916024
2025-08-14,0.00032715676538552785,0.00048543816407109475,-0.000786392239094269
2025-08-18,0.0154905203541853,0.009973019276634965,0.011077920216928883
2025-08-19,0.002428393077861468,0.004168564680625764,0.005891442311885431
2025-08-20,0.002747447064294972,0.0027981813736617234,0.003318685135492938
2025-08-21,-0.0013126162153275223,0.0013252889742787488,-0.0002592559741749767
2025-08-22,-0.003985650289338727,-0.008517482060098724,-0.006303698031633886
2025-08-25,0.0001628771715875832,0.003926417350905487,0.002640095022353073
2025-08-26,-0.014869865169940821,-0.010241179872034878,-0.012291758171742106
2025-08-28,-0.012298321265885814,-0.008544430103923584,-0.00996984872205986
2025-08-29,-0.0033508940288258238,-0.0030223697933294824,-0.0034913668924495544
2025-09-01,0.013406968912754724,0.008114070174605414,0.011156218182197586
2025-09-02,-0.0021702650405382995,-0.0018457290617897026,0.00047767121395914103
2025-09-03,0.007310930224060375,0.0055107151470170646,0.006171780006915428
2025-09-04,0.0009753631252438222,0.0007788776228048189,-0.001968103567349999
2025-09-05,0.0029235373383402763,0.00027084730671167456,0.00041630786788493523
2025-09-08,0.002299815850063336,0.0012994782193525012,0.0021682804288820634
2025-09-09,0.0041579706808339,0.003852930178235292,0.0030792558803585113
2025-09-10,0.0030978591421200186,0.0042020862308871365,0.005449049565278585
2025-09-11,-0.0007209266880666698,0.0012974116602184615,0.0012351484027588455
2025-09-12,0.005360173592476203,0.004339045410009845,0.0037917558329387813
2025-09-15,0.0006896471331869769,-0.0017838966811339896,0.0011038953601190116
2025-09-16,0.00794515239536886,0.006777256391098607,0.00660975904207417
2025-09-17,0.003920336576332284,0.003611475529465391,0.0032477838430191586
2025-09-18,0.0015675962642576202,0.0036853015416349333,0.0031435506769359467
2025-09-19,-0.0028527317812965247,-0.0037976065391384095,-0.0013712375776231411
2025-09-22,-0.0021199834097603842,-0.004923635718664832,-0.004479190098431118
2025-09-23,-0.0027525574447002654,-0.0013034343973540308,-0.002403581498486962
2025-09-24,-0.005695644398944211,-0.00447365300760838,-0.006302183256342353
2025-09-25,-0.006920492133494993,-0.006626948212322681,-0.006723959288341463
2025-09-26,-0.01786524875837603,-0.009487437927231501,-0.013432569790851612
2025-09-29,0.0029101867439365048,-0.0008030448049409777,0.0011424755396640673
2025-09-30,-0.0009285532333576096,-0.0009661407544825362,-0.00021988557532592878
2025-10-01,0.008603429741488755,0.009150390492475902,0.00854228560672432
2025-10-03,0.004345760923737396,0.0023332467769816567,0.004335185518033802
2025-10-06,0.010199379276607967,0.007367178791287232,0.006164366249816977
2025-10-07,0.0029457590014119184,0.0012222193924698033,0.0017199055101462246
2025-10-08,-0.00495546679207004,-0.0024752925801897474,-0.004315060239341695
2025-10-09,0.00667058399937237,0.005416017571936882,0.00572929973638403
2025-10-10,0.003982764447461706,0.0041120501676790155,0.004121926328697345
2025-10-13,0.0012564710195790418,-0.0022938183927065925,-0.0018318117612559082
2025-10-14,-0.005554408220343587,-0.003244479132464395,-0.004754279765686764
2025-10-15,0.011674613370588283,0.007080820872521931,0.008337577843874122
2025-10-16,0.006713328611169578,0.010336228211479837,0.007975719018217031
2025-10-17,0.003033328698677673,0.004867983737610659,0.0014535006605238543
2025-10-20,0.002176693618115788,0.005184813729964155,0.005002482163433353
2025-10-21,0.0016029009814331197,0.0009847568259027106,0.0018173144018152065
2025-10-23,-0.004956846927834047,0.0008814076368377499,-0.00013884424700627562
2025-10-24,-0.0031133560174637642,-0.0037174505259611745,-0.0029172028889862256
2025-10-27,0.004603105587032585,0.006625291500029773,0.006514264765506095
2025-10-28,-0.0012498240611277245,-0.001149638146805021,-0.0011891165564429373
2025-10-29,0.002035287142492903,0.0045381040946781415,0.005872936950757746
2025-10-30,-0.005124149351876772,-0.0067571756478100875,-0.004638349708720013
2025-10-31,-0.006430667177299232,-0.006018660837397216,-0.005490488619981138
2025-11-03,0.007405167543880653,0.0016036793506921665,0.004230161721126224
2025-11-04,-0.003929773374106604,-0.006431586779760301,-0.005680219583534818
2025-11-06,-0.006544237803692954,-0.0034359080045569534,-0.0068551530585728715
2025-11-07,0.003368539092617473,-0.0006820322478444663,0.0003551038136655471
2025-11-10,0.0027955048110792635,0.0032185728871263475,0.003205594482707408
2025-11-11,0.0004369726543085317,0.0047156471705849246,0.0036339518572561236
2025-11-12,0.005199786290773112,0.0070384090258497345,0.0065132068183153535
2025-11-13,-0.001463396541431905,0.00012944949620363744,-0.0008768082377530462
2025-11-14,0.0021816907350145076,0.001194026471448284,0.000854451183028182
2025-11-17,0.005642820827009398,0.0039906690408659795,0.004958862150121757
2025-11-18,-0.006816449051797457,-0.003974806902018679,-0.005422785499558436
2025-11-19,0.0024437296145518594,0.005503640675154298,0.0034271390885605157
2025-11-20,0.004622217344149915,0.005354541588221684,0.002892477515979097
2025-11-21,-0.008460430474767633,-0.0047342428227803435,-0.007724535922570497
2025-11-24,-0.006385665398663365,-0.004167936312968079,-0.004863304032113991
2025-11-25,-0.000553180425950317,-0.002877529180069005,-0.0008236692717077387
2025-11-26,0.013425230842214697,0.012381783530362567,0.012688556041397847
2025-11-27,-0.0001576553192504937,0.0003911422381892571,-0.0003109645919441295
2025-11-28,0.0,-0.0004806903583736144,-0.0006076053595849285
2025-12-01,0.000259670805255352,-0.0010380212747401751,-0.00044916686238827275
2025-12-02,-0.0038705028636877303,-0.005484113396941881,-0.004188501680315593
2025-12-03,-0.008996543802560542,-0.0017746951904364927,-0.004447490004092836
2025-12-04,-0.0015390131583801203,0.0018375278996383138,0.0010456448648434868
2025-12-05,0.007279738204158948,0.005865433091659877,0.0039657131377277555
2025-12-08,-0.017622240468894712,-0.00862653945989178,-0.012966122916688527
2025-12-09,0.001835938122733971,-0.004657081109092687,-0.00042289953670338054
2025-12-10,-0.005677475772330243,-0.0031598875909956137,-0.0045691476638494155
2025-12-11,0.006595128671953443,0.0054565875164998,0.006068180487006414
2025-12-12,0.01124105494036054,0.005729990019651465,0.00744557467282192
2025-12-15,-0.00144256816806132,-0.0007543469807149705,-4.214750077669027e-05
2025-12-16,-0.006382124336189343,-0.006424068837574293,-0.0065351960460026115
2025-12-17,-0.00208023052565276,-0.001606677033445636,-0.0031437902663732364
2025-12-18,-0.0007687854151039453,-0.00011619552256891819,-0.0001936828147149905
2025-12-19,0.008653119030281209,0.005843362036054733,0.007919919172892254
2025-12-22,0.0087286064343437,0.00793332910611566,0.008028685531340507
2025-12-23,0.00109325865887544,0.00018148889399149937,0.0011521871466158018
2025-12-24,-0.0009148649833665701,-0.0013389838361685946,-0.0018790587165593564
2025-12-26,-0.003949807900117341,-0.0038175521330050532,-0.0029349797171936975
2025-12-29,-0.003322339550880793,-0.003847631310177624,-0.0041273910335257735
2025-12-30,0.004130290830337557,-0.00012527898855285713,-0.000561556126541074
2025-12-31,0.009952168899304725,0.0073538342244390265,0.008566128967573805
2026-01-01,0.003910350167642962,0.0006487344669803274,0.0
2026-01-02,0.00858071884559708,0.006960765170238581,0.00952804536388352
2026-01-05,0.0011307920042051833,-0.0029720587604740167,-0.0016826748516536316
2026-01-06,-0.00022806727988400333,-0.0027276473171363724,-0.001993030320201594
2026-01-07,-0.003347951639196989,-0.001449622016468255,0.0002540392484537968
2026-01-08,-0.014279698730780388,-0.010095364158449915,-0.014011142521135445
2026-01-09,-0.009021012463476197,-0.007479613285493514,-0.008984337207592286
2026-01-12,0.0004766454564690825,0.004164153963733375,0.0018365776320041771
2026-01-13,0.0006629522732892745,-0.002246942885392733,-0.0012674716611213999
2026-01-14,0.0026135351866163337,-0.00259211846006413,-0.00020445691112191966
2026-01-15,-0.027110937485161468,0.0011201764399650926,0.0004025912600507109
2026-01-16,0.025825399771024715,0.0011201764399650926,0.0004025912600507109
2026-01-19,0.00040150764887569856,-0.004236324757381116,-0.0047498127568823545
2026-01-20,-0.02026870778567902,-0.013796877137441155,-0.018272618188138412
2026-01-21,-0.004966502587010924,-0.0029723570791637677,-0.004859096996812862
2026-01-22,0.008904498100434033,0.00526285960946038,0.007602297615971532
2026-01-23,-0.016119547750295338,-0.009539381186706164,-0.013149379312218157
2026-01-27,0.003939737522395292,0.005060152863462841,0.004978850936736556
2026-01-28,0.015221432882247976,0.006647346488174222,0.011518766365020694
2026-01-29,0.004521735965218543,0.0030048195489833507,0.0022832052875119135
2026-01-30,-0.00423621798169127,-0.003865234077404689,-0.002390372053465817
2026-02-02,-0.014243210734714684,-0.00917235522852089,-0.010507160033796259
2026-02-03,0.029897523699747408,0.025475932330218942,0.026680421300959045
2026-02-04,0.009415284717455341,0.0018831648283172964,0.0037809136002764365
2026-02-05,-0.00629486217585995,-0.00516756745616076,-0.005236892540299576
2026-02-06,0.0024470553383100224,0.0019849016468285186,0.0009525485972474712
2026-02-09,0.015824275191784754,0.006756581098813275,0.010642672639114004
2026-02-10,0.0036513919465452904,0.0026229876069705504,0.0029704184456067484
2026-02-11,0.006036411632263983,0.0007209990483325601,0.001233522338578208
2026-02-12,0.0013390936418307131,-0.00565042923620962,-0.0055291476778778215
2026-02-13,-0.014933203154688712,-0.01302348257655217,-0.014307746403388943
2026-02-16,0.003394899199565593,0.008309432803093486,0.0068330030671899245
2026-02-17,0.0032554671293325566,0.00166066292063749,0.0028800387156018292
2026-02-18,0.007173744540155624,0.003652002197183979,0.004492343749922245
2026-02-19,-0.0158042260935497,-0.014136684522350174,-0.014732068739081394
2026-02-20,0.006830670818104734,0.004592550680687868,0.004187187203803067
2026-02-23,0.005024043246000254,0.00554333479982394,0.0038448052468476046
2026-02-24,-0.007794808240497719,-0.011214156627970318,-0.007679369782541912
2026-02-25,0.0062855126986556265,0.002275335490801167,0.004256720713412099
2026-02-26,0.0034481924530194163,0.0005513894339252978,0.001909912802958491
2026-02-27,-0.015158273857052817,-0.012468368500212268,-0.012011445961362166
2026-03-02,-0.015201319077723263,-0.012429227421638323,-0.014283357305996947
2026-03-04,-0.024134897384713194,-0.015491187895474101,-0.018661297300052726
2026-03-05,0.01675611917816866,0.011658274570576665,0.012851519868974703
2026-03-06,-0.011885911263544102,-0.012737318930444053,-0.009538369029075455
2026-03-09,-0.02513087276174708,-0.017275692308183932,-0.01889347970266264
2026-03-10,0.016776846227784414,0.009719840791548862,0.012984733666673964
2026-03-11,-0.01928227526722459,-0.01627056774308744,-0.013456076660090077
2026-03-12,-0.010962162982495749,-0.009540396930332928,-0.00656922263637616
2026-03-13,-0.03017754752923374,-0.02064586811222946,-0.023121396563534624
2026-03-16,0.0073554473799655185,0.011131271353117311,0.005030179065682594
2026-03-17,0.014878520822354746,0.007362598835607637,0.00793067491228161
2026-03-18,0.012448238271465462,0.008339304375208911,0.01144935925157653
2026-03-19,-0.035306868475543984,-0.03262077926216955,-0.031554819323865946
2026-03-20,0.0029014641798621454,0.004884308965338757,0.004810165252525644
2026-03-23,-0.03499009937411213,-0.026037751600726855,-0.031116536483671742
2026-03-24,0.025484005746990057,0.017756683156527453,0.019490182319706673
2026-03-25,0.025768499017057467,0.01719805962740728,0.01951864141785742
2026-03-27,-0.02407877406315906,-0.02088905112938999,-0.021326221228320397
