Date,Ticker,Weight (%)
2021-05-31,ATGL,2.5671
2021-05-31,ADANIENT,4.7651
2021-05-31,SPLPETRO,0.1917
2021-05-31,HINDCOPPER,0.4646
2021-05-31,INTELLECT,0.5171
2021-05-31,ADANIENSOL,3.9037
2021-05-31,SAREGAMA,0.1534
2021-05-31,PGEL,0.0492
2021-05-31,ELECON,0.0366
2021-05-31,ANANTRAJ,0.0602
2021-05-31,GRAPHITE,0.3465
2021-05-31,GPIL,0.398
2021-05-31,TATAELXSI,0.8751
2021-05-31,SAIL,1.1473
2021-05-31,TATASTEEL,5.0
2021-05-31,TATACHEM,0.7376
2021-05-31,JSWSTEEL,4.1494
2021-05-31,DIXON,0.8927
2021-05-31,DEEPAKNTR,0.8206
2021-05-31,APLAPOLLO,0.7779
2021-05-31,CGPOWER,0.3879
2021-05-31,POLYMED,0.2219
2021-05-31,PERSISTENT,0.8116
2021-05-31,IIFL,0.3362
2021-05-31,CDSL,0.514
2021-05-31,NEULANDLAB,0.0626
2021-05-31,MAXHEALTH,0.9433
2021-05-31,POONAWALLA,0.2617
2021-05-31,VEDL,1.2473
2021-05-31,CAMS,0.6573
2021-05-31,ADANIPORTS,3.5554
2021-05-31,HEG,0.1036
2021-05-31,IEX,0.4484
2021-05-31,LINDEINDIA,0.1482
2021-05-31,TATAPOWER,0.8622
2021-05-31,JINDALSTEL,0.7407
2021-05-31,TIINDIA,0.6174
2021-05-31,THERMAX,0.2222
2021-05-31,LAURUSLABS,0.8855
2021-05-31,GRASIM,2.4361
2021-05-31,NATIONALUM,0.2387
2021-05-31,CYIENT,0.2811
2021-05-31,JSWENERGY,0.3064
2021-05-31,ELGIEQUIP,0.1771
2021-05-31,KPRMILL,0.1569
2021-05-31,HINDALCO,2.4391
2021-05-31,SARDAEN,0.0143
2021-05-31,MMTC,0.0399
2021-05-31,CHOLAFIN,1.0491
2021-05-31,CARBORUNIV,0.3002
2021-05-31,OLECTRA,0.0115
2021-05-31,TEJASNET,0.0602
2021-05-31,POWERINDIA,0.1015
2021-05-31,CUMMINSIND,0.4051
2021-05-31,DALBHARAT,0.5236
2021-05-31,AFFLE,0.2645
2021-05-31,ASTRAL,0.6779
2021-05-31,WIPRO,3.0514
2021-05-31,KPITTECH,0.1561
2021-05-31,GRAVITA,0.0124
2021-05-31,BAJAJFINSV,2.5844
2021-05-31,FACT,0.0033
2021-05-31,NMDC,0.4637
2021-05-31,DCMSHRIRAM,0.0954
2021-05-31,TMPV,2.3887
2021-05-31,SONATSOFTW,0.1375
2021-05-31,ADANIPOWER,0.3543
2021-05-31,USHAMART,0.0243
2021-05-31,ACE,0.0227
2021-05-31,FSL,0.1425
2021-05-31,FORTIS,0.3962
2021-05-31,MAHABANK,0.1507
2021-05-31,KAJARIACER,0.2703
2021-05-31,INDIAMART,0.3248
2021-05-31,SCI,0.0603
2021-05-31,JKCEMENT,0.3183
2021-05-31,LTTS,0.2322
2021-05-31,ECLERX,0.0555
2021-05-31,SUNDARMFIN,0.5632
2021-05-31,CGCL,0.423
2021-05-31,ZENSARTECH,0.0565
2021-05-31,NCC,0.1008
2021-05-31,BALRAMCHIN,0.1137
2021-05-31,COHANCE,0.2239
2021-05-31,IDFCFIRSTB,0.245
2021-05-31,APOLLOHOSP,0.9988
2021-05-31,TTML,0.0433
2021-05-31,DEEPAKFERT,0.0566
2021-05-31,MOTHERSON,0.858
2021-05-31,TRIDENT,0.0536
2021-05-31,MPHASIS,0.6914
2021-05-31,AMBER,0.1657
2021-05-31,BSOFT,0.1479
2021-05-31,SBIN,4.616
2021-05-31,NAVINFLUOR,0.3338
2021-05-31,INOXWIND,0.0224
2021-05-31,HBLENGINE,0.0135
2021-05-31,LTM,0.969
2021-05-31,POLYCAB,0.2246
2021-05-31,HINDZINC,0.2599
2021-05-31,JKTYRE,0.0452
2021-05-31,TARIL,0.0038
2021-05-31,BEML,0.0567
2021-05-31,VTL,0.0669
2021-05-31,ADANIGREEN,1.178
2021-05-31,APARINDS,0.0237
2021-05-31,BAJFINANCE,4.0113
2021-05-31,ABCAPITAL,0.2709
2021-05-31,SIEMENS,0.2747
2021-05-31,PCBL,0.0487
2021-05-31,JBCHEPHARM,0.1472
2021-05-31,BLUEDART,0.0862
2021-05-31,LTFOODS,0.0231
2021-05-31,SOBHA,0.0551
2021-05-31,GALLANTT,0.0079
2021-05-31,RHIM,0.0477
2021-05-31,VOLTAS,0.5981
2021-05-31,RKFORGE,0.0282
2021-05-31,EMAMILTD,0.2256
2021-05-31,FLUOROCHEM,0.0791
2021-05-31,INDIANB,0.1075
2021-05-31,ATUL,0.3113
2021-05-31,KIRLOSENG,0.0445
2021-05-31,BHEL,0.2438
2021-05-31,HFCL,0.1307
2021-05-31,CHOLAHLDNG,0.1525
2021-05-31,SCHAEFFLER,0.0985
2021-05-31,AAVAS,0.2165
2021-05-31,IFCI,0.0218
2021-05-31,APOLLOTYRE,0.1486
2021-05-31,ABB,0.1969
2021-05-31,MFSL,0.4467
2021-05-31,SUPREMEIND,0.3251
2021-05-31,GODREJIND,0.0781
2021-05-31,SRF,0.4144
2021-05-31,INFY,5.0
2021-05-31,GAIL,0.531
2021-05-31,COFORGE,0.3918
2021-05-31,TECHNOE,0.0362
2021-05-31,ULTRACEMCO,4.3321
2021-05-31,AMBUJACEM,0.5652
2021-05-31,JBMA,0.0099
2021-05-31,NBCC,0.0694
2021-05-31,UNOMINDA,0.1201
2021-05-31,ONGC,0.7087
2021-05-31,LT,3.4662
2021-05-31,AARTIIND,0.3663
2021-05-31,TATACONSUM,0.8729
2021-05-31,HAVELLS,0.5251
2021-11-30,JSWENERGY,1.1145
2021-11-30,OLECTRA,0.0853
2021-11-30,TRIDENT,0.3928
2021-11-30,GRAVITA,0.0394
2021-11-30,ELECON,0.0558
2021-11-30,TATAPOWER,2.3304
2021-11-30,SAREGAMA,0.2017
2021-11-30,CRAFTSMAN,0.1599
2021-11-30,SOLARINDS,0.4072
2021-11-30,IEX,1.1144
2021-11-30,PERSISTENT,1.2101
2021-11-30,TTML,0.5867
2021-11-30,HFCL,0.4987
2021-11-30,BSE,0.3552
2021-11-30,ADANIENSOL,3.0781
2021-11-30,MPHASIS,1.7944
2021-11-30,TATAELXSI,0.9839
2021-11-30,LTTS,0.6728
2021-11-30,FLUOROCHEM,0.3627
2021-11-30,RADICO,0.4067
2021-11-30,OIL,0.2844
2021-11-30,ATGL,1.6296
2021-11-30,ANGELONE,0.2075
2021-11-30,IRCTC,1.0215
2021-11-30,BAJAJFINSV,4.1084
2021-11-30,TEJASNET,0.1576
2021-11-30,UNITDSPR,0.9837
2021-11-30,SRF,1.1757
2021-11-30,CDSL,0.5127
2021-11-30,USHAMART,0.0455
2021-11-30,VTL,0.1594
2021-11-30,LTM,2.4262
2021-11-30,LODHA,1.2694
2021-11-30,RPOWER,0.1476
2021-11-30,ZENTEC,0.0361
2021-11-30,CARBORUNIV,0.4162
2021-11-30,MAXHEALTH,1.0328
2021-11-30,NATIONALUM,0.2482
2021-11-30,UTIAMC,0.3613
2021-11-30,BRIGADE,0.2414
2021-11-30,JSL,0.1163
2021-11-30,CGPOWER,0.3801
2021-11-30,KPRMILL,0.2131
2021-11-30,TRITURBINE,0.0741
2021-11-30,ABB,0.381
2021-11-30,TECHM,2.622
2021-11-30,ZENSARTECH,0.0955
2021-11-30,ECLERX,0.1016
2021-11-30,COFORGE,0.9343
2021-11-30,FSL,0.1642
2021-11-30,TITAN,2.6553
2021-11-30,TATASTEEL,2.5962
2021-11-30,POLYCAB,0.3661
2021-11-30,SARDAEN,0.0163
2021-11-30,KEI,0.2221
2021-11-30,TATAINVEST,0.0567
2021-11-30,ASTRAL,0.6417
2021-11-30,ADANIENT,2.2775
2021-11-30,CHAMBLFERT,0.2225
2021-11-30,DMART,2.2525
2021-11-30,TMPV,2.8572
2021-11-30,SONATSOFTW,0.1609
2021-11-30,BEL,0.6961
2021-11-30,ACE,0.0238
2021-11-30,RKFORGE,0.0473
2021-11-30,SCHAEFFLER,0.1841
2021-11-30,INDHOTEL,0.466
2021-11-30,GMRAIRPORT,0.2936
2021-11-30,CYIENT,0.2357
2021-11-30,HOMEFIRST,0.2414
2021-11-30,TITAGARH,0.0211
2021-11-30,DLF,0.6493
2021-11-30,BAJAJHLDNG,0.6013
2021-11-30,NEWGEN,0.0434
2021-11-30,APARINDS,0.0322
2021-11-30,SBIN,5.0
2021-11-30,HBLENGINE,0.0124
2021-11-30,PGEL,0.0239
2021-11-30,DEEPAKNTR,0.3662
2021-11-30,SCI,0.0404
2021-11-30,VOLTAS,0.5081
2021-11-30,IIFL,0.1887
2021-11-30,BSOFT,0.1952
2021-11-30,LT,4.7958
2021-11-30,FORTIS,0.2619
2021-11-30,ANANTRAJ,0.0145
2021-11-30,JBMA,0.0219
2021-11-30,WIPRO,2.1101
2021-11-30,BAJFINANCE,3.7422
2021-11-30,INDIANB,0.1254
2021-11-30,APOLLOHOSP,1.2743
2021-11-30,KAJARIACER,0.2307
2021-11-30,POONAWALLA,0.1403
2021-11-30,INFY,5.0
2021-11-30,ONGC,1.1934
2021-11-30,KPITTECH,0.2322
2021-11-30,GALLANTT,0.0067
2021-11-30,CAMS,0.3767
2021-11-30,VEDL,0.7351
2021-11-30,DCMSHRIRAM,0.0945
2021-11-30,BEML,0.0744
2021-11-30,LINDEINDIA,0.1026
2021-11-30,TARIL,0.0029
2021-11-30,POWERINDIA,0.0674
2021-11-30,UNOMINDA,0.2185
2021-11-30,SAIL,0.2414
2021-11-30,HAVELLS,0.5886
2021-11-30,GRASIM,1.341
2021-11-30,SOBHA,0.0898
2021-11-30,GPIL,0.1661
2021-11-30,APLAPOLLO,0.3489
2021-11-30,DEEPAKFERT,0.0652
2021-11-30,TATACHEM,0.3435
2021-11-30,DIXON,0.3463
2021-11-30,DALBHARAT,0.3213
2021-11-30,HINDALCO,1.2938
2021-11-30,AMBUJACEM,0.5905
2021-11-30,BHEL,0.1672
2021-11-30,INOXWIND,0.0271
2021-11-30,MARICO,0.8032
2021-11-30,CANBK,0.3056
2021-11-30,IOC,0.5816
2021-11-30,BLS,0.0153
2021-11-30,IRB,0.1062
2021-11-30,REDINGTON,0.2039
2021-11-30,GODREJPROP,0.6584
2021-11-30,UBL,0.2578
2021-11-30,JWL,0.0113
2021-11-30,J&KBANK,0.0137
2021-11-30,BATAINDIA,0.2886
2021-11-30,WELSPUNLIV,0.105
2021-11-30,ABREL,0.1114
2021-11-30,JUBLINGREA,0.0918
2021-11-30,BANKBARODA,0.3272
2021-11-30,OBEROIRLTY,0.2232
2021-11-30,EIHOTEL,0.053
2021-11-30,ANURAS,0.0418
2021-11-30,HINDPETRO,0.3639
2021-11-30,BALKRISIND,0.3734
2021-11-30,NHPC,0.2239
2021-11-30,ASAHIINDIA,0.0873
2021-11-30,TORNTPOWER,0.1713
2021-11-30,GLAND,0.6
2021-11-30,ICICIBANK,5.0
2021-11-30,CIEINDIA,0.0433
2021-11-30,CRISIL,0.1288
2021-11-30,ERIS,0.0645
2021-11-30,ABFRL,0.2884
2021-11-30,MINDACORP,0.0252
2021-11-30,ENDURANCE,0.0857
2022-05-31,TTML,0.9853
2022-05-31,BSE,0.8265
2022-05-31,SWANCORP,0.3869
2022-05-31,GMDCLTD,0.1015
2022-05-31,ADANIPOWER,3.0074
2022-05-31,ADANIGREEN,5.0
2022-05-31,JBMA,0.099
2022-05-31,SCHAEFFLER,0.7534
2022-05-31,CHENNPETRO,0.0915
2022-05-31,ANGELONE,0.5416
2022-05-31,BDL,0.2697
2022-05-31,FLUOROCHEM,0.8048
2022-05-31,USHAMART,0.1135
2022-05-31,KPITTECH,0.6253
2022-05-31,GRAVITA,0.0572
2022-05-31,JWL,0.0535
2022-05-31,HBLENGINE,0.0597
2022-05-31,TRIDENT,0.3573
2022-05-31,DEEPAKFERT,0.2693
2022-05-31,BLS,0.0707
2022-05-31,RHIM,0.2093
2022-05-31,LINDEINDIA,0.3262
2022-05-31,ADANIENSOL,3.8033
2022-05-31,CRISIL,0.3911
2022-05-31,MINDACORP,0.0919
2022-05-31,INDHOTEL,1.1507
2022-05-31,ADANIENT,5.0
2022-05-31,THERMAX,0.3661
2022-05-31,SOLARINDS,0.3565
2022-05-31,KPRMILL,0.3871
2022-05-31,KEI,0.4126
2022-05-31,TATAELXSI,1.5248
2022-05-31,NH,0.2312
2022-05-31,SARDAEN,0.0302
2022-05-31,OLECTRA,0.0471
2022-05-31,ATGL,2.7992
2022-05-31,DEVYANI,0.4208
2022-05-31,POONAWALLA,0.4297
2022-05-31,SRF,1.7803
2022-05-31,POWERGRID,3.2344
2022-05-31,POWERINDIA,0.2285
2022-05-31,TATAPOWER,1.9547
2022-05-31,JSWENERGY,0.8036
2022-05-31,CREDITACC,0.2878
2022-05-31,CHAMBLFERT,0.3455
2022-05-31,ELGIEQUIP,0.315
2022-05-31,NLCINDIA,0.118
2022-05-31,MAXHEALTH,1.251
2022-05-31,PERSISTENT,0.8691
2022-05-31,NAVA,0.0525
2022-05-31,CGPOWER,0.5717
2022-05-31,VEDL,1.4109
2022-05-31,PGEL,0.0617
2022-05-31,VBL,0.8209
2022-05-31,NTPC,2.6715
2022-05-31,MRPL,0.0619
2022-05-31,KIMS,0.2654
2022-05-31,JPPOWER,0.1675
2022-05-31,HFCL,0.3211
2022-05-31,SPLPETRO,0.0914
2022-05-31,BEL,1.1052
2022-05-31,CHALET,0.0881
2022-05-31,HAL,0.6652
2022-05-31,SUZLON,0.3439
2022-05-31,PAGEIND,1.0023
2022-05-31,GRSE,0.0293
2022-05-31,TIINDIA,0.6592
2022-05-31,VTL,0.1086
2022-05-31,COALINDIA,1.4945
2022-05-31,BALRAMCHIN,0.181
2022-05-31,OIL,0.2761
2022-05-31,WELCORP,0.1059
2022-05-31,TITAGARH,0.0311
2022-05-31,APLAPOLLO,0.6303
2022-05-31,CGCL,0.7086
2022-05-31,EIHOTEL,0.0999
2022-05-31,JSL,0.0603
2022-05-31,LODHA,0.5239
2022-05-31,NATIONALUM,0.2476
2022-05-31,ELECON,0.0256
2022-05-31,VOLTAS,0.5696
2022-05-31,POLYCAB,0.4171
2022-05-31,BSOFT,0.1593
2022-05-31,GMRAIRPORT,0.3802
2022-05-31,FORTIS,0.302
2022-05-31,BATAINDIA,0.2802
2022-05-31,ABFRL,0.4766
2022-05-31,TORNTPOWER,0.2049
2022-05-31,SAREGAMA,0.1116
2022-05-31,APOLLOHOSP,0.9967
2022-05-31,IRB,0.14
2022-05-31,ONGC,1.536
2022-05-31,CANBK,0.332
2022-05-31,TATAINVEST,0.0509
2022-05-31,IEX,0.3743
2022-05-31,BANKBARODA,0.5526
2022-05-31,DCMSHRIRAM,0.1294
2022-05-31,TRITURBINE,0.058
2022-05-31,BRIGADE,0.173
2022-05-31,BEML,0.0521
2022-05-31,TARIL,0.005
2022-05-31,CDSL,0.3222
2022-05-31,CRAFTSMAN,0.0592
2022-05-31,REDINGTON,0.2092
2022-05-31,UNOMINDA,0.3081
2022-05-31,ECLERX,0.0911
2022-05-31,HAVELLS,0.6805
2022-05-31,MPHASIS,0.7503
2022-05-31,HOMEFIRST,0.1834
2022-05-31,GPIL,0.1959
2022-05-31,TEJASNET,0.1197
2022-05-31,ZENTEC,0.0271
2022-05-31,TITAN,2.3314
2022-05-31,ANURAS,0.039
2022-05-31,ACE,0.0189
2022-05-31,RPOWER,0.1338
2022-05-31,ABREL,0.1318
2022-05-31,IOC,0.6905
2022-05-31,NHPC,0.4313
2022-05-31,ABB,0.3269
2022-05-31,ASAHIINDIA,0.1087
2022-05-31,BAJAJHLDNG,0.6408
2022-05-31,OBEROIRLTY,0.2761
2022-05-31,IRCTC,0.573
2022-05-31,UNITDSPR,0.5732
2022-05-31,SUNPHARMA,3.3088
2022-05-31,TRENT,1.1854
2022-05-31,LEMONTREE,0.1454
2022-05-31,MAZDOCK,0.0362
2022-05-31,SCHNEIDER,0.0207
2022-05-31,ITC,5.0
2022-05-31,EIDPARRY,0.1735
2022-05-31,HSCL,0.0418
2022-05-31,PHOENIXLTD,0.3588
2022-05-31,PRESTIGE,0.2157
2022-05-31,SUMICHEM,0.1752
2022-05-31,RELIANCE,5.0
2022-05-31,BLUESTARCO,0.1984
2022-05-31,ADANIPORTS,1.913
2022-05-31,COROMANDEL,0.3242
2022-05-31,BHARTIARTL,5.0
2022-05-31,CCL,0.0698
2022-05-31,GESHIP,0.1004
2022-05-31,TIMKEN,0.2257
2022-05-31,NMDC,0.278
2022-05-31,360ONE,0.267
2022-05-31,ACUTAAS,0.0589
2022-05-31,PVRINOX,0.3601
2022-05-31,ESCORTS,0.1364
2022-05-31,CUMMINSIND,0.3603
2022-11-30,CHOICEIN,0.0402
2022-11-30,APARINDS,0.1378
2022-11-30,MAZDOCK,0.1912
2022-11-30,DATAPATTNS,0.172
2022-11-30,TVSMOTOR,1.2616
2022-11-30,KARURVYSYA,0.3722
2022-11-30,ELECON,0.0921
2022-11-30,COCHINSHIP,0.1313
2022-11-30,HAL,1.1632
2022-11-30,GRSE,0.0654
2022-11-30,ADANIENT,5.0
2022-11-30,KALYANKJIL,0.1731
2022-11-30,BDL,0.1943
2022-11-30,BLS,0.0943
2022-11-30,DEEPAKFERT,0.2237
2022-11-30,VBL,1.3973
2022-11-30,ELGIEQUIP,0.3776
2022-11-30,TARIL,0.013
2022-11-30,ITC,5.0
2022-11-30,ADANIPOWER,1.4628
2022-11-30,RITES,0.0899
2022-11-30,TATAINVEST,0.119
2022-11-30,TIINDIA,1.1636
2022-11-30,SOLARINDS,0.3675
2022-11-30,GESHIP,0.2269
2022-11-30,LTFOODS,0.054
2022-11-30,COALINDIA,1.8692
2022-11-30,CEMPRO,0.0225
2022-11-30,FLUOROCHEM,0.5058
2022-11-30,NHPC,0.5603
2022-11-30,TIMKEN,0.4233
2022-11-30,KPITTECH,0.4417
2022-11-30,ATGL,3.0549
2022-11-30,SCHAEFFLER,0.3935
2022-11-30,EICHERMOT,1.6777
2022-11-30,HBLENGINE,0.0433
2022-11-30,ANANTRAJ,0.0482
2022-11-30,HSCL,0.0678
2022-11-30,AIAENG,0.2842
2022-11-30,TITAGARH,0.0513
2022-11-30,SJVN,0.0913
2022-11-30,ABB,0.5236
2022-11-30,RHIM,0.1553
2022-11-30,M&M,3.5656
2022-11-30,AMBUJACEM,1.5392
2022-11-30,KEI,0.3131
2022-11-30,KIRLOSENG,0.0892
2022-11-30,TRITURBINE,0.1044
2022-11-30,JWL,0.0387
2022-11-30,BEL,1.1705
2022-11-30,PHOENIXLTD,0.4422
2022-11-30,TEGA,0.0446
2022-11-30,SIEMENS,0.4359
2022-11-30,INDIANB,0.2779
2022-11-30,ZFCVINDIA,0.2331
2022-11-30,AEGISLOG,0.1202
2022-11-30,INDHOTEL,0.8365
2022-11-30,BANKBARODA,0.8324
2022-11-30,CUMMINSIND,0.5506
2022-11-30,PGEL,0.0454
2022-11-30,APOLLOTYRE,0.2731
2022-11-30,FEDERALBNK,0.7763
2022-11-30,NAVA,0.0334
2022-11-30,SCHNEIDER,0.0253
2022-11-30,ASAHIINDIA,0.1493
2022-11-30,BAJAJHLDNG,0.7514
2022-11-30,GRAVITA,0.0311
2022-11-30,CRAFTSMAN,0.097
2022-11-30,UNIONBANK,0.4045
2022-11-30,CGPOWER,0.507
2022-11-30,MSUMI,0.2678
2022-11-30,CEATLTD,0.09
2022-11-30,ADANIENSOL,2.402
2022-11-30,TEJASNET,0.1374
2022-11-30,CANBK,0.4533
2022-11-30,NH,0.1241
2022-11-30,WELCORP,0.0686
2022-11-30,EIDPARRY,0.1119
2022-11-30,DEVYANI,0.2215
2022-11-30,SUNPHARMA,2.1262
2022-11-30,USHAMART,0.0291
2022-11-30,PAGEIND,0.5525
2022-11-30,POLYCAB,0.2353
2022-11-30,MAXHEALTH,0.5722
2022-11-30,FORTIS,0.2049
2022-11-30,CREDITACC,0.0867
2022-11-30,JBMA,0.0194
2022-11-30,ESCORTS,0.172
2022-11-30,ABFRL,0.3936
2022-11-30,ADANIGREEN,1.1798
2022-11-30,NTPC,1.6851
2022-11-30,BLUESTARCO,0.1472
2022-11-30,CCL,0.0844
2022-11-30,KIMS,0.1476
2022-11-30,CHENNPETRO,0.0146
2022-11-30,POONAWALLA,0.2061
2022-11-30,CHALET,0.0631
2022-11-30,TRENT,1.0619
2022-11-30,TTML,0.1422
2022-11-30,EIHOTEL,0.0761
2022-11-30,POWERGRID,1.1586
2022-11-30,THERMAX,0.1454
2022-11-30,BHARTIARTL,5.0
2022-11-30,JPPOWER,0.0794
2022-11-30,LEMONTREE,0.1518
2022-11-30,BEML,0.0465
2022-11-30,POWERINDIA,0.0752
2022-11-30,UNOMINDA,0.2216
2022-11-30,360ONE,0.1763
2022-11-30,SUMICHEM,0.1178
2022-11-30,TITAN,1.5409
2022-11-30,APLAPOLLO,0.3654
2022-11-30,ACE,0.0263
2022-11-30,RPOWER,0.0682
2022-11-30,COROMANDEL,0.2374
2022-11-30,CGCL,0.3879
2022-11-30,GMDCLTD,0.0229
2022-11-30,CUB,0.3247
2022-11-30,MRF,0.5739
2022-11-30,CIPLA,1.5401
2022-11-30,MARUTI,2.4984
2022-11-30,KPIL,0.1357
2022-11-30,IDFCFIRSTB,0.185
2022-11-30,ASTERDM,0.0827
2022-11-30,ANANDRATHI,0.0317
2022-11-30,GRANULES,0.1186
2022-11-30,NAVINFLUOR,0.3561
2022-11-30,TATACHEM,0.3521
2022-11-30,JKTYRE,0.0565
2022-11-30,CONCOR,0.5549
2022-11-30,BHEL,0.2591
2022-11-30,FINCABLES,0.0785
2022-11-30,GODFRYPHLP,0.0581
2022-11-30,AXISBANK,5.0
2022-11-30,CIEINDIA,0.0521
2022-11-30,INOXWIND,0.0289
2022-11-30,ICICIBANK,5.0
2022-11-30,LT,4.6182
2022-11-30,PATANJALI,0.2839
2022-11-30,PCBL,0.049
2022-11-30,BLUEDART,0.0833
2022-11-30,RVNL,0.0785
2022-11-30,BRITANNIA,0.9528
2022-11-30,TORNTPHARM,0.316
2022-11-30,IIFL,0.1906
2022-11-30,SBIN,4.244
2022-11-30,PNB,0.3099
2022-11-30,JSWDULUX,0.1675
2022-11-30,SBILIFE,0.961
2022-11-30,HINDUNILVR,4.0748
2023-05-31,APARINDS,0.4703
2023-05-31,RVNL,0.6864
2023-05-31,TITAGARH,0.292
2023-05-31,UCOBANK,0.2876
2023-05-31,FINCABLES,0.5331
2023-05-31,FACT,0.0206
2023-05-31,JINDALSAW,0.2571
2023-05-31,IRCON,0.2303
2023-05-31,KIRLOSENG,0.293
2023-05-31,CHOICEIN,0.086
2023-05-31,PFC,1.479
2023-05-31,SONATSOFTW,0.6075
2023-05-31,JBMA,0.1737
2023-05-31,VBL,3.4481
2023-05-31,JSL,0.4245
2023-05-31,MAZDOCK,0.2246
2023-05-31,NCC,0.3511
2023-05-31,UNIONBANK,0.9251
2023-05-31,RECLTD,1.0748
2023-05-31,ITC,5.0
2023-05-31,IRFC,0.435
2023-05-31,BRITANNIA,3.7507
2023-05-31,CYIENT,0.6594
2023-05-31,TRITURBINE,0.2786
2023-05-31,ANURAS,0.1741
2023-05-31,J&KBANK,0.0519
2023-05-31,DATAPATTNS,0.2464
2023-05-31,GESHIP,0.3802
2023-05-31,CIEINDIA,0.2401
2023-05-31,HUDCO,0.1577
2023-05-31,INDIANB,0.5364
2023-05-31,RKFORGE,0.2027
2023-05-31,SIEMENS,1.0534
2023-05-31,MAHABANK,0.342
2023-05-31,GLENMARK,0.496
2023-05-31,BANKINDIA,0.3178
2023-05-31,ACE,0.1021
2023-05-31,ELECON,0.1226
2023-05-31,AEGISLOG,0.2403
2023-05-31,ANANDRATHI,0.0941
2023-05-31,ZYDUSLIFE,0.6912
2023-05-31,HAL,1.5593
2023-05-31,BANKBARODA,1.6989
2023-05-31,GRAVITA,0.1033
2023-05-31,CUMMINSIND,1.2738
2023-05-31,ABCAPITAL,0.7811
2023-05-31,SUPREMEIND,0.9713
2023-05-31,TEGA,0.1199
2023-05-31,JWL,0.0964
2023-05-31,CENTRALBK,0.0593
2023-05-31,APOLLOTYRE,0.6052
2023-05-31,LT,5.0
2023-05-31,ABB,1.103
2023-05-31,KPITTECH,0.9018
2023-05-31,TECHNOE,0.1008
2023-05-31,ANANTRAJ,0.1037
2023-05-31,IGL,0.738
2023-05-31,USHAMART,0.1569
2023-05-31,KEI,0.6248
2023-05-31,ABBOTINDIA,0.5505
2023-05-31,NEULANDLAB,0.0672
2023-05-31,BOSCHLTD,0.7809
2023-05-31,TVSMOTOR,1.5169
2023-05-31,CARBORUNIV,0.6629
2023-05-31,BAJAJ-AUTO,2.3488
2023-05-31,NEWGEN,0.0865
2023-05-31,KPIL,0.2911
2023-05-31,CCL,0.2075
2023-05-31,GODFRYPHLP,0.126
2023-05-31,PNB,0.8236
2023-05-31,M&MFIN,0.8346
2023-05-31,GVT&D,0.1066
2023-05-31,OIL,0.4079
2023-05-31,PGEL,0.1216
2023-05-31,MGL,0.2657
2023-05-31,MINDACORP,0.1016
2023-05-31,HBLENGINE,0.0336
2023-05-31,BLS,0.0879
2023-05-31,BDL,0.1618
2023-05-31,GRSE,0.0514
2023-05-31,FEDERALBNK,0.9177
2023-05-31,IIFL,0.3489
2023-05-31,POLYCAB,0.6762
2023-05-31,SJVN,0.0895
2023-05-31,RITES,0.0989
2023-05-31,TIMKEN,0.3958
2023-05-31,BLUESTARCO,0.3988
2023-05-31,CANBK,0.6569
2023-05-31,CHENNPETRO,0.0594
2023-05-31,CHALET,0.0961
2023-05-31,INDHOTEL,1.0043
2023-05-31,TATAINVEST,0.0851
2023-05-31,IDFCFIRSTB,0.4165
2023-05-31,TORNTPHARM,0.5049
2023-05-31,PCBL,0.0731
2023-05-31,ZFCVINDIA,0.2544
2023-05-31,POWERGRID,1.9223
2023-05-31,ASTERDM,0.1099
2023-05-31,PHOENIXLTD,0.4391
2023-05-31,HSCL,0.0761
2023-05-31,MRF,0.622
2023-05-31,COCHINSHIP,0.0758
2023-05-31,LEMONTREE,0.1781
2023-05-31,TARIL,0.0183
2023-05-31,ELGIEQUIP,0.2598
2023-05-31,SCHAEFFLER,0.3148
2023-05-31,JKTYRE,0.0727
2023-05-31,CRAFTSMAN,0.1331
2023-05-31,KARURVYSYA,0.3548
2023-05-31,AIAENG,0.3474
2023-05-31,TIINDIA,0.8585
2023-05-31,COALINDIA,1.9498
2023-05-31,BEL,1.1104
2023-05-31,SOLARINDS,0.2851
2023-05-31,CEATLTD,0.1122
2023-05-31,TEJASNET,0.1523
2023-05-31,APLAPOLLO,0.6003
2023-05-31,SCHNEIDER,0.0363
2023-05-31,CEMPRO,0.0361
2023-05-31,NAVINFLUOR,0.5313
2023-05-31,NHPC,0.6592
2023-05-31,KALYANKJIL,0.1641
2023-05-31,BAJAJHLDNG,1.0303
2023-05-31,JSWDULUX,0.4216
2023-05-31,NAVA,0.0563
2023-05-31,BHEL,0.4154
2023-05-31,CGPOWER,1.0685
2023-05-31,ICICIBANK,5.0
2023-05-31,M&M,2.721
2023-05-31,ZENTEC,0.0779
2023-05-31,HINDZINC,0.5432
2023-05-31,PETRONET,0.6861
2023-05-31,ENGINERSIN,0.1339
2023-05-31,EXIDEIND,0.4006
2023-05-31,DALBHARAT,0.6929
2023-05-31,IOB,0.1493
2023-05-31,HDFCBANK,5.0
2023-05-31,ONGC,2.1075
2023-05-31,POLICYBZR,0.83
2023-05-31,GMRAIRPORT,0.4515
2023-05-31,OFSS,0.3055
2023-05-31,LINDEINDIA,0.2844
2023-05-31,MANAPPURAM,0.2013
2023-05-31,PERSISTENT,0.9974
2023-05-31,GICRE,0.2016
2023-05-31,CHOLAFIN,1.7093
2023-05-31,NESTLEIND,2.7665
2023-05-31,RAINBOW,0.156
2023-05-31,REDINGTON,0.3386
2023-05-31,JINDALSTEL,0.6879
2023-11-30,JINDALSAW,0.5079
2023-11-30,RECLTD,3.856
2023-11-30,ANANDRATHI,0.5081
2023-11-30,BSE,3.2081
2023-11-30,KAYNES,0.7699
2023-11-30,TITAGARH,0.7945
2023-11-30,NEWGEN,0.4092
2023-11-30,SUZLON,4.4648
2023-11-30,KALYANKJIL,1.2012
2023-11-30,IRFC,1.4619
2023-11-30,JWL,0.4766
2023-11-30,MAZDOCK,0.7047
2023-11-30,PFC,3.881
2023-11-30,IRCON,0.4586
2023-11-30,APARINDS,0.8078
2023-11-30,FORCEMOT,0.1378
2023-11-30,GABRIEL,0.1079
2023-11-30,ITI,0.2101
2023-11-30,FACT,0.0392
2023-11-30,RKFORGE,0.5702
2023-11-30,SJVN,0.4708
2023-11-30,GVT&D,0.4191
2023-11-30,HBLENGINE,0.2872
2023-11-30,CHOLAHLDNG,0.7414
2023-11-30,ZENTEC,0.2601
2023-11-30,SUPREMEIND,2.0827
2023-11-30,SYRMA,0.3093
2023-11-30,GRAVITA,0.236
2023-11-30,TARIL,0.0669
2023-11-30,GMDCLTD,0.2258
2023-11-30,JSL,0.6482
2023-11-30,HSCL,0.3475
2023-11-30,ACE,0.2081
2023-11-30,J&KBANK,0.103
2023-11-30,BSOFT,0.6544
2023-11-30,ZENSARTECH,0.2138
2023-11-30,CHENNPETRO,0.179
2023-11-30,RVNL,0.5787
2023-11-30,SARDAEN,0.0939
2023-11-30,ZFCVINDIA,0.7087
2023-11-30,ENGINERSIN,0.2234
2023-11-30,LUPIN,1.7757
2023-11-30,JBMA,0.1891
2023-11-30,HUDCO,0.2266
2023-11-30,SONATSOFTW,0.5825
2023-11-30,NBCC,0.2771
2023-11-30,COCHINSHIP,0.2658
2023-11-30,WELSPUNLIV,0.2475
2023-11-30,POLYCAB,1.2983
2023-11-30,MAPMYINDIA,0.1924
2023-11-30,ESCORTS,0.4784
2023-11-30,CYIENT,0.7743
2023-11-30,NEULANDLAB,0.132
2023-11-30,ELECON,0.1852
2023-11-30,RAILTEL,0.1186
2023-11-30,NAM-INDIA,0.3347
2023-11-30,WELCORP,0.3184
2023-11-30,MEDANTA,0.3898
2023-11-30,GPIL,0.7131
2023-11-30,NLCINDIA,0.2715
2023-11-30,LINDEINDIA,0.4874
2023-11-30,CREDITACC,0.4159
2023-11-30,SCHNEIDER,0.0805
2023-11-30,GLENMARK,0.5019
2023-11-30,IFCI,0.0828
2023-11-30,UCOBANK,0.1756
2023-11-30,KFINTECH,0.2558
2023-11-30,ANANTRAJ,0.1534
2023-11-30,LTF,0.5222
2023-11-30,HDFCAMC,1.2185
2023-11-30,GILLETTE,0.1861
2023-11-30,SWANCORP,0.2767
2023-11-30,CRAFTSMAN,0.2409
2023-11-30,MOTILALOFS,0.7845
2023-11-30,PRESTIGE,0.6525
2023-11-30,SHYAMMETL,0.1403
2023-11-30,PGEL,0.1103
2023-11-30,OFSS,0.2339
2023-11-30,GRSE,0.0863
2023-11-30,USHAMART,0.1707
2023-11-30,LT,5.0
2023-11-30,BAJAJ-AUTO,2.335
2023-11-30,GICRE,0.3866
2023-11-30,CHOICEIN,0.0391
2023-11-30,RAINBOW,0.1741
2023-11-30,INDIANB,0.3676
2023-11-30,ONGC,1.8814
2023-11-30,KPITTECH,0.6448
2023-11-30,CHALET,0.1478
2023-11-30,TEGA,0.0897
2023-11-30,IDFCFIRSTB,0.3344
2023-11-30,PCBL,0.1929
2023-11-30,ASTERDM,0.1489
2023-11-30,CHOLAFIN,1.6101
2023-11-30,PERSISTENT,1.0423
2023-11-30,NCC,0.216
2023-11-30,HAL,1.1627
2023-11-30,GODFRYPHLP,0.0843
2023-11-30,EXIDEIND,0.4684
2023-11-30,JKTYRE,0.1703
2023-11-30,KARURVYSYA,0.3419
2023-11-30,AIAENG,0.3119
2023-11-30,KIRLOSENG,0.1787
2023-11-30,COALINDIA,2.5204
2023-11-30,TECHNOE,0.133
2023-11-30,SOLARINDS,0.4294
2023-11-30,TVSMOTOR,1.5832
2023-11-30,CEATLTD,0.0981
2023-11-30,UNIONBANK,0.6969
2023-11-30,APLAPOLLO,0.8264
2023-11-30,IOB,0.1953
2023-11-30,MAHABANK,0.3055
2023-11-30,KEI,0.5445
2023-11-30,CEMPRO,0.0548
2023-11-30,CENTRALBK,0.061
2023-11-30,OIL,0.2855
2023-11-30,NAVA,0.1002
2023-11-30,BHEL,0.7762
2023-11-30,VBL,1.9706
2023-11-30,KPIL,0.1881
2023-11-30,PNB,0.9147
2023-11-30,MCX,0.5727
2023-11-30,TRENT,3.2882
2023-11-30,SPLPETRO,0.1434
2023-11-30,INOXWIND,0.1213
2023-11-30,AUROPHARMA,1.1676
2023-11-30,NTPC,4.2889
2023-11-30,COLPAL,1.0917
2023-11-30,ANGELONE,0.5737
2023-11-30,AMBER,0.2439
2023-11-30,NMDC,0.7218
2023-11-30,OLECTRA,0.0693
2023-11-30,KEC,0.3361
2023-11-30,FIVESTAR,0.569
2023-11-30,MMTC,0.0271
2023-11-30,MRPL,0.0748
2023-11-30,AJANTPHARM,0.2892
2023-11-30,ETERNAL,2.8465
2023-11-30,MFSL,0.7469
2023-11-30,SHRIRAMFIN,1.9268
2023-11-30,GODREJIND,0.146
2023-11-30,NATCOPHARM,0.2261
2023-11-30,BBTC,0.0702
2023-11-30,DIXON,0.6087
2023-11-30,ABREL,0.2521
2023-11-30,ERIS,0.1329
2023-11-30,ECLERX,0.174
2023-11-30,SUNDARMFIN,0.7715
2023-11-30,SUNTV,0.176
2023-11-30,BEML,0.1499
2024-05-31,TARIL,0.1727
2024-05-31,ANANDRATHI,0.3823
2024-05-31,GVT&D,0.7912
2024-05-31,FORCEMOT,0.1949
2024-05-31,HUDCO,0.6133
2024-05-31,GALLANTT,0.0643
2024-05-31,COCHINSHIP,0.7488
2024-05-31,INOXWIND,0.2812
2024-05-31,TRENT,5.0
2024-05-31,HINDCOPPER,0.4674
2024-05-31,RECLTD,2.354
2024-05-31,SCHNEIDER,0.1416
2024-05-31,IRFC,1.3021
2024-05-31,SJVN,0.3639
2024-05-31,SIGNATURE,0.1759
2024-05-31,CUMMINSIND,1.6131
2024-05-31,BHEL,1.4518
2024-05-31,IOC,1.6887
2024-05-31,TORNTPOWER,0.7975
2024-05-31,HAL,3.037
2024-05-31,WOCKPHARMA,0.1357
2024-05-31,SOBHA,0.2764
2024-05-31,PFC,2.1147
2024-05-31,POWERINDIA,0.443
2024-05-31,ENGINERSIN,0.2034
2024-05-31,EXIDEIND,0.6142
2024-05-31,BAJAJ-AUTO,2.9458
2024-05-31,KPIL,0.4034
2024-05-31,MRPL,0.1024
2024-05-31,TECHNOE,0.2036
2024-05-31,BSE,0.9946
2024-05-31,EIHOTEL,0.2443
2024-05-31,IRCON,0.2477
2024-05-31,NHPC,1.1386
2024-05-31,HBLENGINE,0.1473
2024-05-31,NBCC,0.2761
2024-05-31,PNB,1.2143
2024-05-31,CEMPRO,0.0554
2024-05-31,NTPC,4.1343
2024-05-31,CESC,0.2528
2024-05-31,ACE,0.1485
2024-05-31,GAIL,1.4032
2024-05-31,KALYANKJIL,0.3869
2024-05-31,OIL,0.5912
2024-05-31,NEWGEN,0.1348
2024-05-31,MEDANTA,0.2753
2024-05-31,INDUSTOWER,1.1824
2024-05-31,NETWEB,0.116
2024-05-31,ABREL,0.3092
2024-05-31,BPCL,1.343
2024-05-31,MCX,0.4002
2024-05-31,HINDPETRO,0.8186
2024-05-31,ARE&M,0.3039
2024-05-31,BEL,2.5757
2024-05-31,NAM-INDIA,0.2506
2024-05-31,OFSS,0.4062
2024-05-31,PRESTIGE,0.6102
2024-05-31,TATAPOWER,1.7875
2024-05-31,SIEMENS,0.8428
2024-05-31,NATIONALUM,0.3803
2024-05-31,RAILTEL,0.0857
2024-05-31,LUPIN,0.9198
2024-05-31,PHOENIXLTD,0.6888
2024-05-31,NEULANDLAB,0.0698
2024-05-31,DIXON,0.7211
2024-05-31,NLCINDIA,0.1945
2024-05-31,ZYDUSLIFE,0.5836
2024-05-31,SAIL,0.52
2024-05-31,NMDC,0.6392
2024-05-31,TATAINVEST,0.1932
2024-05-31,JUBLPHARMA,0.1
2024-05-31,IFCI,0.0989
2024-05-31,COLPAL,0.7684
2024-05-31,CHOICEIN,0.0424
2024-05-31,SUZLON,1.1505
2024-05-31,KEI,0.5508
2024-05-31,JSL,0.2639
2024-05-31,GLENMARK,0.2542
2024-05-31,KFINTECH,0.1668
2024-05-31,ELECON,0.0607
2024-05-31,ZENSARTECH,0.0475
2024-05-31,AJANTPHARM,0.1281
2024-05-31,BSOFT,0.1254
2024-05-31,TITAGARH,0.1923
2024-05-31,ETERNAL,2.6364
2024-05-31,ANANTRAJ,0.0782
2024-05-31,SUNDARMFIN,0.6215
2024-05-31,JBMA,0.0777
2024-05-31,GICRE,0.1941
2024-05-31,GABRIEL,0.016
2024-05-31,SWANCORP,0.1364
2024-05-31,JINDALSAW,0.0986
2024-05-31,JWL,0.136
2024-05-31,CHENNPETRO,0.085
2024-05-31,ONGC,1.9465
2024-05-31,CHALET,0.1091
2024-05-31,TEGA,0.0766
2024-05-31,GODREJIND,0.1012
2024-05-31,PCBL,0.0616
2024-05-31,OLECTRA,0.035
2024-05-31,HSCL,0.1304
2024-05-31,AUROPHARMA,0.4397
2024-05-31,NCC,0.2049
2024-05-31,GODFRYPHLP,0.0718
2024-05-31,BEML,0.1759
2024-05-31,LINDEINDIA,0.2076
2024-05-31,JKTYRE,0.0728
2024-05-31,KARURVYSYA,0.1986
2024-05-31,KIRLOSENG,0.2146
2024-05-31,COALINDIA,2.1927
2024-05-31,SOLARINDS,0.4385
2024-05-31,APARINDS,0.2553
2024-05-31,HDFCAMC,0.7937
2024-05-31,TVSMOTOR,0.6788
2024-05-31,ZENTEC,0.0754
2024-05-31,UNIONBANK,0.4216
2024-05-31,NATCOPHARM,0.0979
2024-05-31,IOB,0.1653
2024-05-31,KAYNES,0.1298
2024-05-31,MAHABANK,0.2783
2024-05-31,MAZDOCK,0.1604
2024-05-31,CENTRALBK,0.0379
2024-05-31,AMBER,0.0921
2024-05-31,SHYAMMETL,0.072
2024-05-31,SHRIRAMFIN,0.9599
2024-05-31,VBL,1.429
2024-05-31,RVNL,0.3332
2024-05-31,ITI,0.0337
2024-05-31,CASTROLIND,0.1789
2024-05-31,VOLTAS,0.6934
2024-05-31,BLUESTARCO,0.4323
2024-05-31,JIOFIN,2.4322
2024-05-31,POWERGRID,2.641
2024-05-31,AEGISLOG,0.1772
2024-05-31,BHARTIARTL,5.0
2024-05-31,JPPOWER,0.2203
2024-05-31,HEROMOTOCO,1.2335
2024-05-31,TMPV,3.5367
2024-05-31,LICI,0.4748
2024-05-31,DLF,0.929
2024-05-31,NUVAMA,0.1284
2024-05-31,BRIGADE,0.3096
2024-05-31,BDL,0.2657
2024-05-31,IRB,0.2356
2024-05-31,BOSCHLTD,0.4768
2024-05-31,INDIGO,1.6555
2024-05-31,THERMAX,0.3205
2024-05-31,INTELLECT,0.132
2024-05-31,PETRONET,0.3677
2024-05-31,ABB,0.7656
2024-11-29,PGEL,0.4327
2024-11-29,TRENT,5.0
2024-11-29,WOCKPHARMA,0.4176
2024-11-29,COHANCE,0.7027
2024-11-29,MCX,0.967
2024-11-29,GODFRYPHLP,0.3039
2024-11-29,CHOICEIN,0.094
2024-11-29,POWERINDIA,0.5074
2024-11-29,GVT&D,0.7188
2024-11-29,DIXON,1.6906
2024-11-29,NEULANDLAB,0.2621
2024-11-29,GLENMARK,0.6826
2024-11-29,TARIL,0.1651
2024-11-29,ANANTRAJ,0.2716
2024-11-29,PPLPHARMA,0.4742
2024-11-29,OFSS,0.7674
2024-11-29,JUBLPHARMA,0.2284
2024-11-29,SARDAEN,0.0817
2024-11-29,BHARTIHEXA,0.2947
2024-11-29,KAYNES,0.5233
2024-11-29,INOXWIND,0.2291
2024-11-29,NETWEB,0.1415
2024-11-29,FSL,0.3002
2024-11-29,AMBER,0.3297
2024-11-29,TECHNOE,0.1929
2024-11-29,LTFOODS,0.1276
2024-11-29,PERSISTENT,1.5657
2024-11-29,GRAVITA,0.1705
2024-11-29,LUPIN,1.255
2024-11-29,BHARTIARTL,5.0
2024-11-29,ABSLAMC,0.3218
2024-11-29,KALYANKJIL,0.6612
2024-11-29,GILLETTE,0.1663
2024-11-29,DEEPAKFERT,0.2174
2024-11-29,AIIL,0.1165
2024-11-29,ERIS,0.15
2024-11-29,JSWDULUX,0.3822
2024-11-29,GALLANTT,0.0425
2024-11-29,BOSCHLTD,0.7086
2024-11-29,PCBL,0.1896
2024-11-29,BBTC,0.0842
2024-11-29,CEMPRO,0.0588
2024-11-29,FORTIS,0.728
2024-11-29,ABREL,0.3578
2024-11-29,CESC,0.2382
2024-11-29,NAVA,0.1512
2024-11-29,SUNPHARMA,4.1255
2024-11-29,VEDL,1.4808
2024-11-29,TORNTPOWER,0.5134
2024-11-29,MOTHERSON,1.0295
2024-11-29,CDSL,0.6181
2024-11-29,ZENTEC,0.1804
2024-11-29,DIVISLAB,1.5421
2024-11-29,NATIONALUM,0.4308
2024-11-29,JMFINANCIL,0.108
2024-11-29,CHOLAHLDNG,0.3357
2024-11-29,HCLTECH,3.7672
2024-11-29,HINDPETRO,0.73
2024-11-29,360ONE,0.591
2024-11-29,COROMANDEL,0.4293
2024-11-29,M&M,4.9535
2024-11-29,BIKAJI,0.3441
2024-11-29,POLYMED,0.1895
2024-11-29,BEL,2.1495
2024-11-29,BLUESTARCO,0.4736
2024-11-29,CAMS,0.475
2024-11-29,VOLTAS,0.7774
2024-11-29,BALRAMCHIN,0.1339
2024-11-29,POLICYBZR,1.2691
2024-11-29,SIEMENS,0.7209
2024-11-29,GLAXO,0.188
2024-11-29,KFINTECH,0.2502
2024-11-29,RVNL,0.4684
2024-11-29,OBEROIRLTY,0.4441
2024-11-29,DOMS,0.1026
2024-11-29,CAPLIPOINT,0.084
2024-11-29,INDUSTOWER,0.5125
2024-11-29,BDL,0.1148
2024-11-29,GAIL,0.5197
2024-11-29,PRESTIGE,0.4239
2024-11-29,AJANTPHARM,0.2326
2024-11-29,CUMMINSIND,0.7876
2024-11-29,NUVAMA,0.1575
2024-11-29,COLPAL,0.4869
2024-11-29,ETERNAL,3.3125
2024-11-29,BAJAJ-AUTO,1.6298
2024-11-29,NEWGEN,0.1104
2024-11-29,NTPC,2.7028
2024-11-29,BPCL,0.7455
2024-11-29,HUDCO,0.172
2024-11-29,TEGA,0.0759
2024-11-29,GODREJIND,0.0757
2024-11-29,BSE,1.0556
2024-11-29,POWERGRID,1.9141
2024-11-29,PFC,0.9711
2024-11-29,NAM-INDIA,0.1876
2024-11-29,HSCL,0.1832
2024-11-29,IFCI,0.0527
2024-11-29,AUROPHARMA,0.5116
2024-11-29,BRIGADE,0.2432
2024-11-29,THERMAX,0.1837
2024-11-29,COCHINSHIP,0.1912
2024-11-29,HAL,1.3517
2024-11-29,NCC,0.1818
2024-11-29,ANANDRATHI,0.1204
2024-11-29,EXIDEIND,0.2329
2024-11-29,HEROMOTOCO,0.6316
2024-11-29,ARE&M,0.2451
2024-11-29,KIRLOSENG,0.1028
2024-11-29,SIGNATURE,0.0918
2024-11-29,ZYDUSLIFE,0.2911
2024-11-29,SOLARINDS,0.3626
2024-11-29,PETRONET,0.2817
2024-11-29,APARINDS,0.2153
2024-11-29,HDFCAMC,0.5936
2024-11-29,TVSMOTOR,0.7397
2024-11-29,SUZLON,1.1251
2024-11-29,NATCOPHARM,0.1926
2024-11-29,SCHNEIDER,0.0431
2024-11-29,MAZDOCK,0.3001
2024-11-29,RECLTD,0.9902
2024-11-29,OIL,0.4169
2024-11-29,ABB,0.5339
2024-11-29,SHYAMMETL,0.1066
2024-11-29,SHRIRAMFIN,1.4645
2024-11-29,KPIL,0.1842
2024-11-29,AEGISLOG,0.1676
2024-11-29,COFORGE,0.8406
2024-11-29,TORNTPHARM,0.6347
2024-11-29,HINDZINC,0.3873
2024-11-29,RADICO,0.3412
2024-11-29,ICICIPRULI,0.454
2024-11-29,NAUKRI,0.897
2024-11-29,INDIACEM,0.0457
2024-11-29,TECHM,1.5487
2024-11-29,ALKEM,0.3627
2024-11-29,SUMICHEM,0.1113
2024-11-29,LLOYDSME,0.209
2024-11-29,PTCIL,0.0916
2024-11-29,WHIRLPOOL,0.2249
2024-11-29,RPOWER,0.1775
2024-11-29,INFY,5.0
2024-11-29,ACUTAAS,0.0803
2024-11-29,CGPOWER,0.7772
2024-11-29,PFIZER,0.1198
2024-11-29,GRANULES,0.1319
2024-11-29,UNOMINDA,0.2907
2024-11-29,IPCALAB,0.326
2024-11-29,INDHOTEL,1.0228
2024-11-29,BLUEJET,0.0261
2025-05-30,PGEL,0.3748
2025-05-30,COROMANDEL,0.8472
2025-05-30,CARTRADE,0.2071
2025-05-30,MAZDOCK,0.7991
2025-05-30,CHAMBLFERT,0.3438
2025-05-30,PARADEEP,0.2219
2025-05-30,CHOICEIN,0.1101
2025-05-30,GODFRYPHLP,0.3915
2025-05-30,NH,0.3337
2025-05-30,KOTAKBANK,5.0
2025-05-30,BSE,2.7921
2025-05-30,KIMS,0.4166
2025-05-30,BLUEJET,0.0783
2025-05-30,JUBLFOOD,0.6571
2025-05-30,BHARTIHEXA,0.3512
2025-05-30,NAVINFLUOR,0.3831
2025-05-30,BHARTIARTL,5.0
2025-05-30,DIXON,1.1357
2025-05-30,SRF,0.948
2025-05-30,PAYTM,0.8334
2025-05-30,INDIGO,2.6262
2025-05-30,ACUTAAS,0.1271
2025-05-30,WOCKPHARMA,0.2516
2025-05-30,BDL,0.4109
2025-05-30,KAYNES,0.4097
2025-05-30,SBICARD,0.6047
2025-05-30,ERIS,0.1505
2025-05-30,CHOLAHLDNG,0.4011
2025-05-30,MANAPPURAM,0.2513
2025-05-30,FORTIS,0.7388
2025-05-30,DEEPAKFERT,0.2052
2025-05-30,BAJFINANCE,5.0
2025-05-30,UPL,0.7372
2025-05-30,LLOYDSME,0.3622
2025-05-30,BAJAJHLDNG,1.1726
2025-05-30,SOLARINDS,0.7843
2025-05-30,LAURUSLABS,0.441
2025-05-30,KFINTECH,0.2373
2025-05-30,MARICO,0.7597
2025-05-30,SARDAEN,0.0534
2025-05-30,HDFCBANK,5.0
2025-05-30,GALLANTT,0.0458
2025-05-30,ASTERDM,0.2033
2025-05-30,JKCEMENT,0.3543
2025-05-30,REDINGTON,0.2767
2025-05-30,GRSE,0.1626
2025-05-30,INDHOTEL,1.2115
2025-05-30,DIVISLAB,1.4059
2025-05-30,GABRIEL,0.0364
2025-05-30,UNITDSPR,0.7195
2025-05-30,GLAXO,0.2336
2025-05-30,SBFC,0.0959
2025-05-30,ICICIBANK,5.0
2025-05-30,AIIL,0.1254
2025-05-30,SHREECEM,1.0493
2025-05-30,CHOLAFIN,1.1914
2025-05-30,FSL,0.193
2025-05-30,MUTHOOTFIN,0.3172
2025-05-30,EICHERMOT,1.1835
2025-05-30,PAGEIND,0.4418
2025-05-30,TORNTPHARM,0.5449
2025-05-30,CEATLTD,0.1135
2025-05-30,M&M,3.9583
2025-05-30,COHANCE,0.2351
2025-05-30,NAVA,0.1022
2025-05-30,AMBER,0.2104
2025-05-30,TVSMOTOR,1.0361
2025-05-30,SBILIFE,1.1922
2025-05-30,BEL,2.1163
2025-05-30,AAVAS,0.114
2025-05-30,AFFLE,0.1682
2025-05-30,BAJAJFINSV,1.7385
2025-05-30,RADICO,0.3003
2025-05-30,POWERINDIA,0.3758
2025-05-30,PERSISTENT,0.8712
2025-05-30,DOMS,0.0662
2025-05-30,INDUSTOWER,0.7363
2025-05-30,SUNPHARMA,2.195
2025-05-30,MCX,0.3872
2025-05-30,AJANTPHARM,0.0934
2025-05-30,NAUKRI,0.3709
2025-05-30,CAPLIPOINT,0.0532
2025-05-30,INDIACEM,0.0222
2025-05-30,NUVAMA,0.0945
2025-05-30,GRAVITA,0.0809
2025-05-30,ETERNAL,1.5543
2025-05-30,BALRAMCHIN,0.0669
2025-05-30,PTCIL,0.107
2025-05-30,BLUESTARCO,0.1729
2025-05-30,BPCL,0.5326
2025-05-30,JUBLPHARMA,0.0593
2025-05-30,POLICYBZR,0.652
2025-05-30,HUDCO,0.1161
2025-05-30,NEULANDLAB,0.066
2025-05-30,GODREJIND,0.0866
2025-05-30,PCBL,0.0692
2025-05-30,CAMS,0.1717
2025-05-30,VEDL,0.5452
2025-05-30,POWERGRID,0.9874
2025-05-30,NAM-INDIA,0.1055
2025-05-30,COCHINSHIP,0.197
2025-05-30,HAL,1.083
2025-05-30,LUPIN,0.556
2025-05-30,GVT&D,0.3002
2025-05-30,TARIL,0.0819
2025-05-30,POLYMED,0.1024
2025-05-30,CDSL,0.2333
2025-05-30,UNOMINDA,0.1713
2025-05-30,360ONE,0.2684
2025-05-30,PPLPHARMA,0.1248
2025-05-30,COFORGE,0.5702
2025-05-30,HDFCAMC,0.4752
2025-05-30,SUMICHEM,0.0576
2025-05-30,ZENTEC,0.0756
2025-05-30,SUZLON,0.7134
2025-05-30,LTFOODS,0.0746
2025-05-30,RPOWER,0.1988
2025-05-30,CEMPRO,0.0324
2025-05-30,BIKAJI,0.1358
2025-05-30,SHYAMMETL,0.0875
2025-05-30,SHRIRAMFIN,0.9488
2025-05-30,JSWDULUX,0.1883
2025-05-30,TECHM,0.6929
2025-05-30,AEGISLOG,0.0966
2025-05-30,HINDPETRO,0.4092
2025-05-30,MAXHEALTH,1.1782
2025-05-30,VIJAYA,0.0668
2025-05-30,TATACONSUM,1.004
2025-05-30,MFSL,0.4386
2025-05-30,GICRE,0.1748
2025-05-30,PATANJALI,0.2676
2025-05-30,JSWSTEEL,1.223
2025-05-30,WELCORP,0.1679
2025-05-30,ASHOKLEY,0.4985
2025-05-30,PNBHOUSING,0.2523
2025-05-30,HDFCLIFE,1.0229
2025-05-30,ANURAS,0.0328
2025-05-30,CIPLA,1.1143
2025-05-30,IEX,0.2138
2025-05-30,EIDPARRY,0.1203
2025-05-30,RAMCOCEM,0.1661
2025-05-30,UBL,0.174
2025-05-30,KPRMILL,0.1665
2025-05-30,HOMEFIRST,0.1694
2025-05-30,ABBOTINDIA,0.1978
2025-05-30,SUNDARMFIN,0.4528
2025-05-30,ASAHIINDIA,0.0785
2025-05-30,AUBANK,0.1625
2025-05-30,AADHARHFC,0.0597
2025-05-30,ULTRACEMCO,4.0554
2025-11-28,GABRIEL,0.0978
2025-11-28,CARTRADE,0.3999
2025-11-28,FORTIS,1.3806
2025-11-28,NETWEB,0.1904
2025-11-28,ABDL,0.1075
2025-11-28,ANANDRATHI,0.3453
2025-11-28,LTF,0.793
2025-11-28,LAURUSLABS,1.1308
2025-11-28,MUTHOOTFIN,0.8925
2025-11-28,ECLERX,0.2563
2025-11-28,ACUTAAS,0.2476
2025-11-28,HBLENGINE,0.2488
2025-11-28,FORCEMOT,0.2248
2025-11-28,MARUTI,4.8893
2025-11-28,RBLBANK,0.4579
2025-11-28,ABCAPITAL,0.7174
2025-11-28,CHOICEIN,0.103
2025-11-28,GVT&D,0.8241
2025-11-28,INDIANB,0.6975
2025-11-28,SYRMA,0.1385
2025-11-28,GMDCLTD,0.0979
2025-11-28,ASTERDM,0.2744
2025-11-28,ENDURANCE,0.1451
2025-11-28,CEMPRO,0.0891
2025-11-28,EICHERMOT,1.9548
2025-11-28,BAJFINANCE,5.0
2025-11-28,AIIL,0.1656
2025-11-28,ZYDUSWELL,0.0808
2025-11-28,DELHIVERY,0.5228
2025-11-28,CUMMINSIND,1.194
2025-11-28,BEL,2.8296
2025-11-28,MANAPPURAM,0.2755
2025-11-28,JKCEMENT,0.3835
2025-11-28,HEROMOTOCO,1.5026
2025-11-28,TVSMOTOR,1.5372
2025-11-28,NAM-INDIA,0.287
2025-11-28,PAYTM,0.9889
2025-11-28,KARURVYSYA,0.42
2025-11-28,RADICO,0.4531
2025-11-28,CUB,0.3362
2025-11-28,MCX,0.7703
2025-11-28,JMFINANCIL,0.0986
2025-11-28,CREDITACC,0.1264
2025-11-28,ANURAS,0.0509
2025-11-28,PARADEEP,0.1199
2025-11-28,CCL,0.119
2025-11-28,HDFCAMC,0.9121
2025-11-28,ASHOKLEY,0.8257
2025-11-28,CEATLTD,0.1221
2025-11-28,KAJARIACER,0.1495
2025-11-28,AUBANK,0.3046
2025-11-28,HINDALCO,1.938
2025-11-28,CANBK,0.7838
2025-11-28,BOSCHLTD,0.521
2025-11-28,NYKAA,0.6816
2025-11-28,ETERNAL,3.2997
2025-11-28,MRF,0.6096
2025-11-28,USHAMART,0.0953
2025-11-28,TATASTEEL,2.1892
2025-11-28,EIDPARRY,0.1531
2025-11-28,CRAFTSMAN,0.1243
2025-11-28,ASAHIINDIA,0.1336
2025-11-28,BHARTIARTL,5.0
2025-11-28,POONAWALLA,0.2401
2025-11-28,HINDCOPPER,0.1648
2025-11-28,JSL,0.2242
2025-11-28,ADANIPOWER,1.1766
2025-11-28,NAVINFLUOR,0.3148
2025-11-28,GRSE,0.1233
2025-11-28,SAMMAANCAP,0.1216
2025-11-28,NUVOCO,0.053
2025-11-28,UNOMINDA,0.3528
2025-11-28,AMBER,0.2126
2025-11-28,DCMSHRIRAM,0.0672
2025-11-28,INDIGO,1.8252
2025-11-28,NATIONALUM,0.3264
2025-11-28,WELCORP,0.1038
2025-11-28,BDL,0.1306
2025-11-28,HDFCBANK,5.0
2025-11-28,MAXHEALTH,0.6892
2025-11-28,INDIACEM,0.0304
2025-11-28,SBILIFE,0.9551
2025-11-28,NUVAMA,0.0969
2025-11-28,PTCIL,0.0979
2025-11-28,AADHARHFC,0.0446
2025-11-28,BPCL,0.5753
2025-11-28,SARDAEN,0.0273
2025-11-28,JUBLPHARMA,0.0598
2025-11-28,KIMS,0.2069
2025-11-28,TATACONSUM,0.6331
2025-11-28,GALLANTT,0.0385
2025-11-28,SRF,0.44
2025-11-28,NEULANDLAB,0.0756
2025-11-28,UPL,0.4679
2025-11-28,BSE,1.388
2025-11-28,VEDL,0.9918
2025-11-28,ERIS,0.0737
2025-11-28,AFFLE,0.1313
2025-11-28,CHOLAFIN,0.9405
2025-11-28,COCHINSHIP,0.1355
2025-11-28,GODFRYPHLP,0.1646
2025-11-28,BHARTIHEXA,0.1504
2025-11-28,RAMCOCEM,0.1406
2025-11-28,BAJAJFINSV,1.1449
2025-11-28,POWERINDIA,0.2903
2025-11-28,CDSL,0.266
2025-11-28,LLOYDSME,0.1578
2025-11-28,JSWSTEEL,1.2733
2025-11-28,REDINGTON,0.2111
2025-11-28,KOTAKBANK,2.4397
2025-11-28,360ONE,0.3324
2025-11-28,COFORGE,0.5453
2025-11-28,SOLARINDS,0.3141
2025-11-28,KPRMILL,0.0924
2025-11-28,DEEPAKFERT,0.0986
2025-11-28,KAYNES,0.1671
2025-11-28,LTFOODS,0.0439
2025-11-28,NH,0.1341
2025-11-28,MAZDOCK,0.1677
2025-11-28,SBICARD,0.3254
2025-11-28,MFSL,0.4243
2025-11-28,COROMANDEL,0.3349
2025-11-28,SBFC,0.0673
2025-11-28,SHRIRAMFIN,1.1685
2025-11-28,BAJAJHLDNG,0.45
2025-11-28,NAVA,0.0869
2025-11-28,HINDPETRO,0.4599
2025-11-28,M&M,4.2619
2025-11-28,INTELLECT,0.1241
2025-11-28,SCI,0.0536
2025-11-28,FEDERALBNK,0.7362
2025-11-28,BANKINDIA,0.1638
2025-11-28,LT,5.0
2025-11-28,GLAND,0.1909
2025-11-28,POLYCAB,0.4939
2025-11-28,GPIL,0.0718
2025-11-28,LEMONTREE,0.1289
2025-11-28,APARINDS,0.2038
2025-11-28,IIFL,0.1691
2025-11-28,JKTYRE,0.0748
2025-11-28,TBOTEK,0.0706
2025-11-28,MOTILALOFS,0.1919
2025-11-28,MSUMI,0.1481
2025-11-28,SBIN,4.9365
2025-11-28,SCHNEIDER,0.0471
2025-11-28,ABSLAMC,0.1392
2025-11-28,IDBI,0.0691
2025-11-28,PNB,0.5261
2025-11-28,GRAPHITE,0.0454
2025-11-28,UNIONBANK,0.3561
2026-03-30,HINDCOPPER,0.4292
2026-03-30,ASHOKLEY,1.3561
2026-03-30,SBIN,5.0
2026-03-30,SHRIRAMFIN,3.5515
2026-03-30,NATIONALUM,0.9607
2026-03-30,BHARATFORG,1.1954
2026-03-30,FEDERALBNK,1.448
2026-03-30,MCX,1.4102
2026-03-30,VEDL,2.8011
2026-03-30,CANBK,0.9637
2026-03-30,KARURVYSYA,0.6436
2026-03-30,UNIONBANK,0.747
2026-03-30,INDIANB,0.7021
2026-03-30,CUB,0.3913
2026-03-30,BANKINDIA,0.2498
2026-03-30,FORCEMOT,0.2079
2026-03-30,ABCAPITAL,0.5415
2026-03-30,KIRLOSENG,0.2466
2026-03-30,LTF,0.4474
2026-03-30,NETWEB,0.1288
2026-03-30,JKTYRE,0.1038
2026-03-30,GESHIP,0.2898
2026-03-30,GVT&D,0.9381
2026-03-30,IOC,0.9526
2026-03-30,BANKBARODA,0.9239
2026-03-30,LAURUSLABS,0.7453
2026-03-30,ACUTAAS,0.2529
2026-03-30,MOTHERSON,0.9578
2026-03-30,EICHERMOT,1.792
2026-03-30,CUMMINSIND,1.2252
2026-03-30,TATASTEEL,3.114
2026-03-30,MAHABANK,0.244
2026-03-30,GRAPHITE,0.0801
2026-03-30,NAVINFLUOR,0.4291
2026-03-30,MRPL,0.0613
2026-03-30,GMDCLTD,0.0895
2026-03-30,BPCL,0.9813
2026-03-30,TORNTPHARM,0.8204
2026-03-30,AUBANK,0.2965
2026-03-30,MFSL,0.5731
2026-03-30,CHENNPETRO,0.0798
2026-03-30,POWERINDIA,0.5647
2026-03-30,APLAPOLLO,0.6241
2026-03-30,RBLBANK,0.2953
2026-03-30,DATAPATTNS,0.1266
2026-03-30,MUTHOOTFIN,0.4668
2026-03-30,ANURAS,0.0512
2026-03-30,TVSMOTOR,1.3805
2026-03-30,AXISBANK,5.0
2026-03-30,SAIL,0.3752
2026-03-30,HINDALCO,2.1419
2026-03-30,M&MFIN,0.3136
2026-03-30,RRKABEL,0.0735
2026-03-30,BEL,2.363
2026-03-30,APARINDS,0.2805
2026-03-30,NAM-INDIA,0.2384
2026-03-30,POLYCAB,0.5349
2026-03-30,TITAN,2.0779
2026-03-30,CCL,0.1117
2026-03-30,HINDZINC,0.3336
2026-03-30,KEI,0.3846
2026-03-30,JSWSTEEL,1.5161
2026-03-30,IDBI,0.0528
2026-03-30,HEROMOTOCO,1.0042
2026-03-30,JINDALSTEL,0.6271
2026-03-30,PNB,0.5157
2026-03-30,SBILIFE,1.0986
2026-03-30,NYKAA,0.5231
2026-03-30,ONGC,1.5872
2026-03-30,SCI,0.0527
2026-03-30,VTL,0.0729
2026-03-30,INDUSTOWER,0.7607
2026-03-30,GLENMARK,0.4257
2026-03-30,3MINDIA,0.113
2026-03-30,CANFINHOME,0.1004
2026-03-30,IDEA,0.3157
2026-03-30,HBLENGINE,0.048
2026-03-30,JSL,0.1112
2026-03-30,MARUTI,1.1699
2026-03-30,GRSE,0.0616
2026-03-30,SAMMAANCAP,0.0797
2026-03-30,USHAMART,0.0553
2026-03-30,IIFL,0.1163
2026-03-30,LT,5.0
2026-03-30,INDIACEM,0.0272
2026-03-30,ABSLAMC,0.1567
2026-03-30,FORTIS,0.462
2026-03-30,BAJFINANCE,2.0631
2026-03-30,CHOICEIN,0.0324
2026-03-30,PTCIL,0.0882
2026-03-30,GABRIEL,0.0315
2026-03-30,MANAPPURAM,0.1222
2026-03-30,KIMS,0.1481
2026-03-30,POONAWALLA,0.1328
2026-03-30,TATACONSUM,0.5701
2026-03-30,GALLANTT,0.0304
2026-03-30,BSE,1.3007
2026-03-30,ASTERDM,0.1668
2026-03-30,CHOLAFIN,0.6568
2026-03-30,ENDURANCE,0.0531
2026-03-30,MRF,0.2924
2026-03-30,BHARTIARTL,3.9669
2026-03-30,ANANDRATHI,0.1451
2026-03-30,RAMCOCEM,0.1271
2026-03-30,CRAFTSMAN,0.1034
2026-03-30,REDINGTON,0.1097
2026-03-30,UNOMINDA,0.148
2026-03-30,PAYTM,0.3008
2026-03-30,BOSCHLTD,0.1938
2026-03-30,SOLARINDS,0.2773
2026-03-30,HDFCAMC,0.4731
2026-03-30,ADANIPOWER,0.8856
2026-03-30,ABDL,0.0187
2026-03-30,CEATLTD,0.064
2026-03-30,GPIL,0.064
2026-03-30,SYRMA,0.076
2026-03-30,SCHNEIDER,0.0405
2026-03-30,NH,0.0871
2026-03-30,COROMANDEL,0.1886
2026-03-30,AMBER,0.1251
2026-03-30,ASAHIINDIA,0.0732
2026-03-30,NAVA,0.0519
2026-03-30,MSUMI,0.0955
2026-03-30,DELHIVERY,0.2823
2026-03-30,HINDPETRO,0.4022
2026-03-30,M&M,2.2304
2026-03-30,HEG,0.0357
2026-03-30,NMDC,0.3375
2026-03-30,AIAENG,0.1399
2026-03-30,ADANIENSOL,0.3691
2026-03-30,TIMKEN,0.1371
2026-03-30,NTPC,2.0157
2026-03-30,OIL,0.3206
2026-03-30,CIEINDIA,0.0485
2026-03-30,ADANIPORTS,1.4087
2026-03-30,BHEL,0.4262
2026-03-30,GMRAIRPORT,0.2924
2026-03-30,LUPIN,0.6799
2026-03-30,ASTRAL,0.231
2026-03-30,COALINDIA,1.3999
2026-03-30,MARICO,0.4693
2026-03-30,PETRONET,0.2096
2026-03-30,BAJAJ-AUTO,1.123
2026-03-30,JBCHEPHARM,0.1922
2026-03-30,AJANTPHARM,0.1348
2026-03-30,TORNTPOWER,0.2354
2026-03-30,J&KBANK,0.0184
2026-03-30,SUNDARMFIN,0.3362
2026-03-30,NESTLEIND,0.8927
2026-03-30,SCHAEFFLER,0.164
